DRG Definition,Provider Id,Provider Name,Provider Street Address,Provider City,Provider State,Provider Zip Code,Hospital Referral Region (HRR) Description,Total Discharges,Average Covered Charges,Average Total Payments,Average Medicare Payments
023 - CRANIOTOMY W MAJOR DEVICE IMPLANT OR ACUTE CNS PDX W MCC OR CHEMOTHE,10001,SOUTHEAST ALABAMA MEDICAL CENTER,1108 ROSS CLARK CIRCLE,DOTHAN,AL,36301,AL - Dothan,28,117117.7857,25823.71429,24057.39286
025 - CRANIOTOMY & ENDOVASCULAR INTRACRANIAL PROCEDURES W MCC,10001,SOUTHEAST ALABAMA MEDICAL CENTER,1108 ROSS CLARK CIRCLE,DOTHAN,AL,36301,AL - Dothan,32,98357.5625,20688.34375,19791.40625
027 - CRANIOTOMY & ENDOVASCULAR INTRACRANIAL PROCEDURES W/O CC/MCC,10001,SOUTHEAST ALABAMA MEDICAL CENTER,1108 ROSS CLARK CIRCLE,DOTHAN,AL,36301,AL - Dothan,11,69153.54546,11811.18182,8194.363636
037 - EXTRACRANIAL PROCEDURES W MCC,10001,SOUTHEAST ALABAMA MEDICAL CENTER,1108 ROSS CLARK CIRCLE,DOTHAN,AL,36301,AL - Dothan,12,100427.3333,19134,18154
038 - EXTRACRANIAL PROCEDURES W CC,10001,SOUTHEAST ALABAMA MEDICAL CENTER,1108 ROSS CLARK CIRCLE,DOTHAN,AL,36301,AL - Dothan,17,58199.47059,8519.470588,6714.882353
039 - EXTRACRANIAL PROCEDURES W/O CC/MCC,10001,SOUTHEAST ALABAMA MEDICAL CENTER,1108 ROSS CLARK CIRCLE,DOTHAN,AL,36301,AL - Dothan,41,41130.56098,5925.95122,4808
054 - NERVOUS SYSTEM NEOPLASMS W MCC,10001,SOUTHEAST ALABAMA MEDICAL CENTER,1108 ROSS CLARK CIRCLE,DOTHAN,AL,36301,AL - Dothan,14,31897.85714,6849.785714,6195.785714
056 - DEGENERATIVE NERVOUS SYSTEM DISORDERS W MCC,10001,SOUTHEAST ALABAMA MEDICAL CENTER,1108 ROSS CLARK CIRCLE,DOTHAN,AL,36301,AL - Dothan,21,43028.04762,9857.047619,8936.714286
057 - DEGENERATIVE NERVOUS SYSTEM DISORDERS W/O MCC,10001,SOUTHEAST ALABAMA MEDICAL CENTER,1108 ROSS CLARK CIRCLE,DOTHAN,AL,36301,AL - Dothan,47,25434.17021,6124.510638,4936.531915
"062 - ISCHEMIC STROKE, PRECEREBRAL OCCLUSION OR TRANSIENT ISCHEMIA W THROM",10001,SOUTHEAST ALABAMA MEDICAL CENTER,1108 ROSS CLARK CIRCLE,DOTHAN,AL,36301,AL - Dothan,17,59503.82353,10002,8773.294118
064 - INTRACRANIAL HEMORRHAGE OR CEREBRAL INFARCTION W MCC,10001,SOUTHEAST ALABAMA MEDICAL CENTER,1108 ROSS CLARK CIRCLE,DOTHAN,AL,36301,AL - Dothan,111,46240,9301.333333,8236.018018
065 - INTRACRANIAL HEMORRHAGE OR CEREBRAL INFARCTION W CC OR TPA IN 24 HRS,10001,SOUTHEAST ALABAMA MEDICAL CENTER,1108 ROSS CLARK CIRCLE,DOTHAN,AL,36301,AL - Dothan,139,33440.08633,5723.079137,4462.086331
066 - INTRACRANIAL HEMORRHAGE OR CEREBRAL INFARCTION W/O CC/MCC,10001,SOUTHEAST ALABAMA MEDICAL CENTER,1108 ROSS CLARK CIRCLE,DOTHAN,AL,36301,AL - Dothan,41,30566.48781,4214.97561,3000.731707
069 - TRANSIENT ISCHEMIA,10001,SOUTHEAST ALABAMA MEDICAL CENTER,1108 ROSS CLARK CIRCLE,DOTHAN,AL,36301,AL - Dothan,76,30004.42105,4214.197368,3088.776316
070 - NONSPECIFIC CEREBROVASCULAR DISORDERS W MCC,10001,SOUTHEAST ALABAMA MEDICAL CENTER,1108 ROSS CLARK CIRCLE,DOTHAN,AL,36301,AL - Dothan,25,45969.92,8263.48,7319.32
071 - NONSPECIFIC CEREBROVASCULAR DISORDERS W CC,10001,SOUTHEAST ALABAMA MEDICAL CENTER,1108 ROSS CLARK CIRCLE,DOTHAN,AL,36301,AL - Dothan,13,24333.38462,5140.923077,4139.384615
073 - CRANIAL & PERIPHERAL NERVE DISORDERS W MCC,10001,SOUTHEAST ALABAMA MEDICAL CENTER,1108 ROSS CLARK CIRCLE,DOTHAN,AL,36301,AL - Dothan,11,35219.36364,7117,6641
074 - CRANIAL & PERIPHERAL NERVE DISORDERS W/O MCC,10001,SOUTHEAST ALABAMA MEDICAL CENTER,1108 ROSS CLARK CIRCLE,DOTHAN,AL,36301,AL - Dothan,27,26269.66667,5095.703704,4128.148148
"086 - TRAUMATIC STUPOR & COMA, COMA <1 HR W CC",10001,SOUTHEAST ALABAMA MEDICAL CENTER,1108 ROSS CLARK CIRCLE,DOTHAN,AL,36301,AL - Dothan,12,25641.08333,5980.833333,5112.833333
"087 - TRAUMATIC STUPOR & COMA, COMA <1 HR W/O CC/MCC",10001,SOUTHEAST ALABAMA MEDICAL CENTER,1108 ROSS CLARK CIRCLE,DOTHAN,AL,36301,AL - Dothan,15,17629,4512.133333,3287.6
091 - OTHER DISORDERS OF NERVOUS SYSTEM W MCC,10001,SOUTHEAST ALABAMA MEDICAL CENTER,1108 ROSS CLARK CIRCLE,DOTHAN,AL,36301,AL - Dothan,19,40952.1579,8129.157895,7230.210526
092 - OTHER DISORDERS OF NERVOUS SYSTEM W CC,10001,SOUTHEAST ALABAMA MEDICAL CENTER,1108 ROSS CLARK CIRCLE,DOTHAN,AL,36301,AL - Dothan,25,25485.12,4938.68,3995.64
100 - SEIZURES W MCC,10001,SOUTHEAST ALABAMA MEDICAL CENTER,1108 ROSS CLARK CIRCLE,DOTHAN,AL,36301,AL - Dothan,26,47017.80769,9307.423077,8218.653846
101 - SEIZURES W/O MCC,10001,SOUTHEAST ALABAMA MEDICAL CENTER,1108 ROSS CLARK CIRCLE,DOTHAN,AL,36301,AL - Dothan,44,27218.70455,4692.772727,3407.909091
103 - HEADACHES W/O MCC,10001,SOUTHEAST ALABAMA MEDICAL CENTER,1108 ROSS CLARK CIRCLE,DOTHAN,AL,36301,AL - Dothan,17,27173.29412,4187.235294,3416.411765
149 - DYSEQUILIBRIUM,10001,SOUTHEAST ALABAMA MEDICAL CENTER,1108 ROSS CLARK CIRCLE,DOTHAN,AL,36301,AL - Dothan,11,31023.36364,3891.090909,2702.363636
163 - MAJOR CHEST PROCEDURES W MCC,10001,SOUTHEAST ALABAMA MEDICAL CENTER,1108 ROSS CLARK CIRCLE,DOTHAN,AL,36301,AL - Dothan,20,115271.35,24257.85,23159.9
164 - MAJOR CHEST PROCEDURES W CC,10001,SOUTHEAST ALABAMA MEDICAL CENTER,1108 ROSS CLARK CIRCLE,DOTHAN,AL,36301,AL - Dothan,17,95375.17647,18481.76471,13007.76471
166 - OTHER RESP SYSTEM O.R. PROCEDURES W MCC,10001,SOUTHEAST ALABAMA MEDICAL CENTER,1108 ROSS CLARK CIRCLE,DOTHAN,AL,36301,AL - Dothan,15,92997.8,17708.33333,16926.2
176 - PULMONARY EMBOLISM W/O MCC,10001,SOUTHEAST ALABAMA MEDICAL CENTER,1108 ROSS CLARK CIRCLE,DOTHAN,AL,36301,AL - Dothan,20,20573.5,4974.9,4125.1
177 - RESPIRATORY INFECTIONS & INFLAMMATIONS W MCC,10001,SOUTHEAST ALABAMA MEDICAL CENTER,1108 ROSS CLARK CIRCLE,DOTHAN,AL,36301,AL - Dothan,31,50312.58065,9795.677419,8791.064516
180 - RESPIRATORY NEOPLASMS W MCC,10001,SOUTHEAST ALABAMA MEDICAL CENTER,1108 ROSS CLARK CIRCLE,DOTHAN,AL,36301,AL - Dothan,20,38660.5,9041.85,7996.05
189 - PULMONARY EDEMA & RESPIRATORY FAILURE,10001,SOUTHEAST ALABAMA MEDICAL CENTER,1108 ROSS CLARK CIRCLE,DOTHAN,AL,36301,AL - Dothan,206,35646.83981,6713.597087,5671.820388
190 - CHRONIC OBSTRUCTIVE PULMONARY DISEASE W MCC,10001,SOUTHEAST ALABAMA MEDICAL CENTER,1108 ROSS CLARK CIRCLE,DOTHAN,AL,36301,AL - Dothan,61,33741.65574,6168.918033,5167.672131
191 - CHRONIC OBSTRUCTIVE PULMONARY DISEASE W CC,10001,SOUTHEAST ALABAMA MEDICAL CENTER,1108 ROSS CLARK CIRCLE,DOTHAN,AL,36301,AL - Dothan,52,28981,5067.730769,4185.192308
192 - CHRONIC OBSTRUCTIVE PULMONARY DISEASE W/O CC/MCC,10001,SOUTHEAST ALABAMA MEDICAL CENTER,1108 ROSS CLARK CIRCLE,DOTHAN,AL,36301,AL - Dothan,16,20456.0625,4110.375,2883.625
193 - SIMPLE PNEUMONIA & PLEURISY W MCC,10001,SOUTHEAST ALABAMA MEDICAL CENTER,1108 ROSS CLARK CIRCLE,DOTHAN,AL,36301,AL - Dothan,41,30178.70732,7237.707317,6281.609756
194 - SIMPLE PNEUMONIA & PLEURISY W CC,10001,SOUTHEAST ALABAMA MEDICAL CENTER,1108 ROSS CLARK CIRCLE,DOTHAN,AL,36301,AL - Dothan,22,29376,5167.090909,3973.272727
195 - SIMPLE PNEUMONIA & PLEURISY W/O CC/MCC,10001,SOUTHEAST ALABAMA MEDICAL CENTER,1108 ROSS CLARK CIRCLE,DOTHAN,AL,36301,AL - Dothan,13,19297.38462,3921.846154,2918.153846
202 - BRONCHITIS & ASTHMA W CC/MCC,10001,SOUTHEAST ALABAMA MEDICAL CENTER,1108 ROSS CLARK CIRCLE,DOTHAN,AL,36301,AL - Dothan,18,30676.5,4952.444444,3995
203 - BRONCHITIS & ASTHMA W/O CC/MCC,10001,SOUTHEAST ALABAMA MEDICAL CENTER,1108 ROSS CLARK CIRCLE,DOTHAN,AL,36301,AL - Dothan,16,17529.625,3848.875,2538.125
207 - RESPIRATORY SYSTEM DIAGNOSIS W VENTILATOR SUPPORT >96 HOURS,10001,SOUTHEAST ALABAMA MEDICAL CENTER,1108 ROSS CLARK CIRCLE,DOTHAN,AL,36301,AL - Dothan,17,161963.1177,30473.11765,28903.35294
208 - RESPIRATORY SYSTEM DIAGNOSIS W VENTILATOR SUPPORT <=96 HOURS,10001,SOUTHEAST ALABAMA MEDICAL CENTER,1108 ROSS CLARK CIRCLE,DOTHAN,AL,36301,AL - Dothan,76,71348.67105,12271.9079,11009.27632
216 - CARDIAC VALVE & OTH MAJ CARDIOTHORACIC PROC W CARD CATH W MCC,10001,SOUTHEAST ALABAMA MEDICAL CENTER,1108 ROSS CLARK CIRCLE,DOTHAN,AL,36301,AL - Dothan,16,231147.1875,49039.625,47977.375
229 - OTHER CARDIOTHORACIC PROCEDURES W/O MCC,10001,SOUTHEAST ALABAMA MEDICAL CENTER,1108 ROSS CLARK CIRCLE,DOTHAN,AL,36301,AL - Dothan,16,131316.8125,24494.5625,23273.0625
233 - CORONARY BYPASS W CARDIAC CATH W MCC,10001,SOUTHEAST ALABAMA MEDICAL CENTER,1108 ROSS CLARK CIRCLE,DOTHAN,AL,36301,AL - Dothan,35,151970.7714,35238.45714,30952.62857
234 - CORONARY BYPASS W CARDIAC CATH W/O MCC,10001,SOUTHEAST ALABAMA MEDICAL CENTER,1108 ROSS CLARK CIRCLE,DOTHAN,AL,36301,AL - Dothan,69,120156.8551,24395.23188,20558.76812
236 - CORONARY BYPASS W/O CARDIAC CATH W/O MCC,10001,SOUTHEAST ALABAMA MEDICAL CENTER,1108 ROSS CLARK CIRCLE,DOTHAN,AL,36301,AL - Dothan,15,91995.2,18452.26667,17317.33333
242 - PERMANENT CARDIAC PACEMAKER IMPLANT W MCC,10001,SOUTHEAST ALABAMA MEDICAL CENTER,1108 ROSS CLARK CIRCLE,DOTHAN,AL,36301,AL - Dothan,20,92935.95,19609.7,18561.1
243 - PERMANENT CARDIAC PACEMAKER IMPLANT W CC,10001,SOUTHEAST ALABAMA MEDICAL CENTER,1108 ROSS CLARK CIRCLE,DOTHAN,AL,36301,AL - Dothan,27,70171.74074,13844.22222,11664.40741
244 - PERMANENT CARDIAC PACEMAKER IMPLANT W/O CC/MCC,10001,SOUTHEAST ALABAMA MEDICAL CENTER,1108 ROSS CLARK CIRCLE,DOTHAN,AL,36301,AL - Dothan,28,60670.35714,13521.46429,8600.25
246 - PERC CARDIOVASC PROC W DRUG-ELUTING STENT W MCC OR 4+ VESSELS/STENTS,10001,SOUTHEAST ALABAMA MEDICAL CENTER,1108 ROSS CLARK CIRCLE,DOTHAN,AL,36301,AL - Dothan,81,95626.88889,17212.95062,15782.79012
247 - PERC CARDIOVASC PROC W DRUG-ELUTING STENT W/O MCC,10001,SOUTHEAST ALABAMA MEDICAL CENTER,1108 ROSS CLARK CIRCLE,DOTHAN,AL,36301,AL - Dothan,135,75474.25185,11637.33333,9854.903704
252 - OTHER VASCULAR PROCEDURES W MCC,10001,SOUTHEAST ALABAMA MEDICAL CENTER,1108 ROSS CLARK CIRCLE,DOTHAN,AL,36301,AL - Dothan,28,71533,17267.39286,15877.14286
264 - OTHER CIRCULATORY SYSTEM O.R. PROCEDURES,10001,SOUTHEAST ALABAMA MEDICAL CENTER,1108 ROSS CLARK CIRCLE,DOTHAN,AL,36301,AL - Dothan,14,72592.85714,17792.28571,11978.92857
269 - AORTIC AND HEART ASSIST PROCEDURES EXCEPT PULSATION BALLOON W/O MCC,10001,SOUTHEAST ALABAMA MEDICAL CENTER,1108 ROSS CLARK CIRCLE,DOTHAN,AL,36301,AL - Dothan,26,63534.84615,20855.5,19597.65385
270 - OTHER MAJOR CARDIOVASCULAR PROCEDURES W MCC,10001,SOUTHEAST ALABAMA MEDICAL CENTER,1108 ROSS CLARK CIRCLE,DOTHAN,AL,36301,AL - Dothan,18,124226.2778,25134.88889,24117.55556
271 - OTHER MAJOR CARDIOVASCULAR PROCEDURES W CC,10001,SOUTHEAST ALABAMA MEDICAL CENTER,1108 ROSS CLARK CIRCLE,DOTHAN,AL,36301,AL - Dothan,14,92999,16721,15692.92857
"280 - ACUTE MYOCARDIAL INFARCTION, DISCHARGED ALIVE W MCC",10001,SOUTHEAST ALABAMA MEDICAL CENTER,1108 ROSS CLARK CIRCLE,DOTHAN,AL,36301,AL - Dothan,199,38870.31658,8782.763819,7826.266332
"281 - ACUTE MYOCARDIAL INFARCTION, DISCHARGED ALIVE W CC",10001,SOUTHEAST ALABAMA MEDICAL CENTER,1108 ROSS CLARK CIRCLE,DOTHAN,AL,36301,AL - Dothan,64,29249.70313,5844.59375,4314.34375
"282 - ACUTE MYOCARDIAL INFARCTION, DISCHARGED ALIVE W/O CC/MCC",10001,SOUTHEAST ALABAMA MEDICAL CENTER,1108 ROSS CLARK CIRCLE,DOTHAN,AL,36301,AL - Dothan,30,26646.16667,4223.433333,3220.1
"283 - ACUTE MYOCARDIAL INFARCTION, EXPIRED W MCC",10001,SOUTHEAST ALABAMA MEDICAL CENTER,1108 ROSS CLARK CIRCLE,DOTHAN,AL,36301,AL - Dothan,14,43977.5,16110.42857,7527.857143
"286 - CIRCULATORY DISORDERS EXCEPT AMI, W CARD CATH W MCC",10001,SOUTHEAST ALABAMA MEDICAL CENTER,1108 ROSS CLARK CIRCLE,DOTHAN,AL,36301,AL - Dothan,19,55931,11550.94737,9949.578947
"287 - CIRCULATORY DISORDERS EXCEPT AMI, W CARD CATH W/O MCC",10001,SOUTHEAST ALABAMA MEDICAL CENTER,1108 ROSS CLARK CIRCLE,DOTHAN,AL,36301,AL - Dothan,89,36577.89888,6706.966292,5011.483146
291 - HEART FAILURE & SHOCK W MCC,10001,SOUTHEAST ALABAMA MEDICAL CENTER,1108 ROSS CLARK CIRCLE,DOTHAN,AL,36301,AL - Dothan,371,34642.04852,7771.625337,6965.857143
292 - HEART FAILURE & SHOCK W CC,10001,SOUTHEAST ALABAMA MEDICAL CENTER,1108 ROSS CLARK CIRCLE,DOTHAN,AL,36301,AL - Dothan,58,22885.72414,5778,4245.586207
293 - HEART FAILURE & SHOCK W/O CC/MCC,10001,SOUTHEAST ALABAMA MEDICAL CENTER,1108 ROSS CLARK CIRCLE,DOTHAN,AL,36301,AL - Dothan,22,15254.63636,3758.545455,2754.363636
299 - PERIPHERAL VASCULAR DISORDERS W MCC,10001,SOUTHEAST ALABAMA MEDICAL CENTER,1108 ROSS CLARK CIRCLE,DOTHAN,AL,36301,AL - Dothan,18,29955.83333,7201.333333,6110.888889
300 - PERIPHERAL VASCULAR DISORDERS W CC,10001,SOUTHEAST ALABAMA MEDICAL CENTER,1108 ROSS CLARK CIRCLE,DOTHAN,AL,36301,AL - Dothan,12,20665.75,5487.083333,4397.416667
303 - ATHEROSCLEROSIS W/O MCC,10001,SOUTHEAST ALABAMA MEDICAL CENTER,1108 ROSS CLARK CIRCLE,DOTHAN,AL,36301,AL - Dothan,12,21241.25,3698.5,2566.166667
304 - HYPERTENSION W MCC,10001,SOUTHEAST ALABAMA MEDICAL CENTER,1108 ROSS CLARK CIRCLE,DOTHAN,AL,36301,AL - Dothan,13,26913.15385,5428.846154,4167.846154
305 - HYPERTENSION W/O MCC,10001,SOUTHEAST ALABAMA MEDICAL CENTER,1108 ROSS CLARK CIRCLE,DOTHAN,AL,36301,AL - Dothan,23,19302.52174,3862.217391,2837.173913
308 - CARDIAC ARRHYTHMIA & CONDUCTION DISORDERS W MCC,10001,SOUTHEAST ALABAMA MEDICAL CENTER,1108 ROSS CLARK CIRCLE,DOTHAN,AL,36301,AL - Dothan,73,27219.30137,6687.109589,5552.890411
309 - CARDIAC ARRHYTHMIA & CONDUCTION DISORDERS W CC,10001,SOUTHEAST ALABAMA MEDICAL CENTER,1108 ROSS CLARK CIRCLE,DOTHAN,AL,36301,AL - Dothan,81,17419.19753,4340.17284,3325.666667
310 - CARDIAC ARRHYTHMIA & CONDUCTION DISORDERS W/O CC/MCC,10001,SOUTHEAST ALABAMA MEDICAL CENTER,1108 ROSS CLARK CIRCLE,DOTHAN,AL,36301,AL - Dothan,67,14324.26866,3322.38806,2075.313433
312 - SYNCOPE & COLLAPSE,10001,SOUTHEAST ALABAMA MEDICAL CENTER,1108 ROSS CLARK CIRCLE,DOTHAN,AL,36301,AL - Dothan,78,23870.08974,4355.371795,3448.961539
313 - CHEST PAIN,10001,SOUTHEAST ALABAMA MEDICAL CENTER,1108 ROSS CLARK CIRCLE,DOTHAN,AL,36301,AL - Dothan,38,21737.71053,3852.052632,2886.894737
314 - OTHER CIRCULATORY SYSTEM DIAGNOSES W MCC,10001,SOUTHEAST ALABAMA MEDICAL CENTER,1108 ROSS CLARK CIRCLE,DOTHAN,AL,36301,AL - Dothan,30,48941.53333,9918.866667,8821.866667
315 - OTHER CIRCULATORY SYSTEM DIAGNOSES W CC,10001,SOUTHEAST ALABAMA MEDICAL CENTER,1108 ROSS CLARK CIRCLE,DOTHAN,AL,36301,AL - Dothan,12,22785.83333,5358.666667,4483.666667
329 - MAJOR SMALL & LARGE BOWEL PROCEDURES W MCC,10001,SOUTHEAST ALABAMA MEDICAL CENTER,1108 ROSS CLARK CIRCLE,DOTHAN,AL,36301,AL - Dothan,31,113644.9032,24546.51613,23996.48387
330 - MAJOR SMALL & LARGE BOWEL PROCEDURES W CC,10001,SOUTHEAST ALABAMA MEDICAL CENTER,1108 ROSS CLARK CIRCLE,DOTHAN,AL,36301,AL - Dothan,51,63953.60784,12851.68628,11717.13726
331 - MAJOR SMALL & LARGE BOWEL PROCEDURES W/O CC/MCC,10001,SOUTHEAST ALABAMA MEDICAL CENTER,1108 ROSS CLARK CIRCLE,DOTHAN,AL,36301,AL - Dothan,18,41626.94444,8993.944444,7124.111111
356 - OTHER DIGESTIVE SYSTEM O.R. PROCEDURES W MCC,10001,SOUTHEAST ALABAMA MEDICAL CENTER,1108 ROSS CLARK CIRCLE,DOTHAN,AL,36301,AL - Dothan,14,90427.35714,21180.71429,20530.71429
371 - MAJOR GASTROINTESTINAL DISORDERS & PERITONEAL INFECTIONS W MCC,10001,SOUTHEAST ALABAMA MEDICAL CENTER,1108 ROSS CLARK CIRCLE,DOTHAN,AL,36301,AL - Dothan,13,41001.38462,8802.153846,8201.230769
372 - MAJOR GASTROINTESTINAL DISORDERS & PERITONEAL INFECTIONS W CC,10001,SOUTHEAST ALABAMA MEDICAL CENTER,1108 ROSS CLARK CIRCLE,DOTHAN,AL,36301,AL - Dothan,15,23822.73333,5795.866667,5271.333333
377 - G.I. HEMORRHAGE W MCC,10001,SOUTHEAST ALABAMA MEDICAL CENTER,1108 ROSS CLARK CIRCLE,DOTHAN,AL,36301,AL - Dothan,61,46422.85246,9195.032787,8458.885246
378 - G.I. HEMORRHAGE W CC,10001,SOUTHEAST ALABAMA MEDICAL CENTER,1108 ROSS CLARK CIRCLE,DOTHAN,AL,36301,AL - Dothan,100,29819.12,5457.96,4446.28
388 - G.I. OBSTRUCTION W MCC,10001,SOUTHEAST ALABAMA MEDICAL CENTER,1108 ROSS CLARK CIRCLE,DOTHAN,AL,36301,AL - Dothan,24,48961.16667,8325.666667,7563.833333
389 - G.I. OBSTRUCTION W CC,10001,SOUTHEAST ALABAMA MEDICAL CENTER,1108 ROSS CLARK CIRCLE,DOTHAN,AL,36301,AL - Dothan,53,26530.20755,4863.603774,3691.867925
390 - G.I. OBSTRUCTION W/O CC/MCC,10001,SOUTHEAST ALABAMA MEDICAL CENTER,1108 ROSS CLARK CIRCLE,DOTHAN,AL,36301,AL - Dothan,20,20170.85,3680.05,2264.65
"391 - ESOPHAGITIS, GASTROENT & MISC DIGEST DISORDERS W MCC",10001,SOUTHEAST ALABAMA MEDICAL CENTER,1108 ROSS CLARK CIRCLE,DOTHAN,AL,36301,AL - Dothan,44,36033.56818,6660.136364,5858.954546
"392 - ESOPHAGITIS, GASTROENT & MISC DIGEST DISORDERS W/O MCC",10001,SOUTHEAST ALABAMA MEDICAL CENTER,1108 ROSS CLARK CIRCLE,DOTHAN,AL,36301,AL - Dothan,136,24570.16912,4327.308824,3127.411765
393 - OTHER DIGESTIVE SYSTEM DIAGNOSES W MCC,10001,SOUTHEAST ALABAMA MEDICAL CENTER,1108 ROSS CLARK CIRCLE,DOTHAN,AL,36301,AL - Dothan,12,46241.08333,8915.25,8371.583333
394 - OTHER DIGESTIVE SYSTEM DIAGNOSES W CC,10001,SOUTHEAST ALABAMA MEDICAL CENTER,1108 ROSS CLARK CIRCLE,DOTHAN,AL,36301,AL - Dothan,37,27656.02703,5256.972973,4156.027027
417 - LAPAROSCOPIC CHOLECYSTECTOMY W/O C.D.E. W MCC,10001,SOUTHEAST ALABAMA MEDICAL CENTER,1108 ROSS CLARK CIRCLE,DOTHAN,AL,36301,AL - Dothan,23,75390.95652,13520.95652,12441.13044
418 - LAPAROSCOPIC CHOLECYSTECTOMY W/O C.D.E. W CC,10001,SOUTHEAST ALABAMA MEDICAL CENTER,1108 ROSS CLARK CIRCLE,DOTHAN,AL,36301,AL - Dothan,11,55602.18182,9529.909091,7176.727273
419 - LAPAROSCOPIC CHOLECYSTECTOMY W/O C.D.E. W/O CC/MCC,10001,SOUTHEAST ALABAMA MEDICAL CENTER,1108 ROSS CLARK CIRCLE,DOTHAN,AL,36301,AL - Dothan,12,43107.41667,7871.166667,5174.25
432 - CIRRHOSIS & ALCOHOLIC HEPATITIS W MCC,10001,SOUTHEAST ALABAMA MEDICAL CENTER,1108 ROSS CLARK CIRCLE,DOTHAN,AL,36301,AL - Dothan,15,44209.33333,9452.533333,8057.2
435 - MALIGNANCY OF HEPATOBILIARY SYSTEM OR PANCREAS W MCC,10001,SOUTHEAST ALABAMA MEDICAL CENTER,1108 ROSS CLARK CIRCLE,DOTHAN,AL,36301,AL - Dothan,13,42040.30769,9251.846154,8349.384615
439 - DISORDERS OF PANCREAS EXCEPT MALIGNANCY W CC,10001,SOUTHEAST ALABAMA MEDICAL CENTER,1108 ROSS CLARK CIRCLE,DOTHAN,AL,36301,AL - Dothan,25,26360.04,4779.12,3716.52
440 - DISORDERS OF PANCREAS EXCEPT MALIGNANCY W/O CC/MCC,10001,SOUTHEAST ALABAMA MEDICAL CENTER,1108 ROSS CLARK CIRCLE,DOTHAN,AL,36301,AL - Dothan,16,27647.6875,3864.625,2456.5
"441 - DISORDERS OF LIVER EXCEPT MALIG,CIRR,ALC HEPA W MCC",10001,SOUTHEAST ALABAMA MEDICAL CENTER,1108 ROSS CLARK CIRCLE,DOTHAN,AL,36301,AL - Dothan,14,40256.28571,9574.642857,8826.642857
"442 - DISORDERS OF LIVER EXCEPT MALIG,CIRR,ALC HEPA W CC",10001,SOUTHEAST ALABAMA MEDICAL CENTER,1108 ROSS CLARK CIRCLE,DOTHAN,AL,36301,AL - Dothan,15,27299.6,5029.6,4417.333333
460 - SPINAL FUSION EXCEPT CERVICAL W/O MCC,10001,SOUTHEAST ALABAMA MEDICAL CENTER,1108 ROSS CLARK CIRCLE,DOTHAN,AL,36301,AL - Dothan,90,77247.84444,20718.31111,18955.48889
467 - REVISION OF HIP OR KNEE REPLACEMENT W CC,10001,SOUTHEAST ALABAMA MEDICAL CENTER,1108 ROSS CLARK CIRCLE,DOTHAN,AL,36301,AL - Dothan,14,69490.42857,17680.14286,16558.14286
469 - MAJOR HIP AND KNEE JOINT REPLACEMENT OR REATTACHMENT OF LOWER EXTREM,10001,SOUTHEAST ALABAMA MEDICAL CENTER,1108 ROSS CLARK CIRCLE,DOTHAN,AL,36301,AL - Dothan,24,70550.29167,16066.625,14869.625
470 - MAJOR JOINT REPLACEMENT OR REATTACHMENT OF LOWER EXTREMITY W/O MCC,10001,SOUTHEAST ALABAMA MEDICAL CENTER,1108 ROSS CLARK CIRCLE,DOTHAN,AL,36301,AL - Dothan,175,44074.41143,11581,9195.177143
472 - CERVICAL SPINAL FUSION W CC,10001,SOUTHEAST ALABAMA MEDICAL CENTER,1108 ROSS CLARK CIRCLE,DOTHAN,AL,36301,AL - Dothan,21,67323,15432.47619,13318.95238
473 - CERVICAL SPINAL FUSION W/O CC/MCC,10001,SOUTHEAST ALABAMA MEDICAL CENTER,1108 ROSS CLARK CIRCLE,DOTHAN,AL,36301,AL - Dothan,22,52682.09091,11995.18182,10367.59091
480 - HIP & FEMUR PROCEDURES EXCEPT MAJOR JOINT W MCC,10001,SOUTHEAST ALABAMA MEDICAL CENTER,1108 ROSS CLARK CIRCLE,DOTHAN,AL,36301,AL - Dothan,34,69886.17647,15336.88235,14374.17647
481 - HIP & FEMUR PROCEDURES EXCEPT MAJOR JOINT W CC,10001,SOUTHEAST ALABAMA MEDICAL CENTER,1108 ROSS CLARK CIRCLE,DOTHAN,AL,36301,AL - Dothan,77,48045.74026,10601.85714,9283.623377
483 - MAJOR JOINT/LIMB REATTACHMENT PROCEDURE OF UPPER EXTREMITIES,10001,SOUTHEAST ALABAMA MEDICAL CENTER,1108 ROSS CLARK CIRCLE,DOTHAN,AL,36301,AL - Dothan,22,55115.86364,12658.77273,11467.5
"493 - LOWER EXTREM & HUMER PROC EXCEPT HIP,FOOT,FEMUR W CC",10001,SOUTHEAST ALABAMA MEDICAL CENTER,1108 ROSS CLARK CIRCLE,DOTHAN,AL,36301,AL - Dothan,22,48035.31818,11167.40909,9810.409091
516 - OTHER MUSCULOSKELET SYS & CONN TISS O.R. PROC W CC,10001,SOUTHEAST ALABAMA MEDICAL CENTER,1108 ROSS CLARK CIRCLE,DOTHAN,AL,36301,AL - Dothan,16,44486.125,10671.875,8289.875
536 - FRACTURES OF HIP & PELVIS W/O MCC,10001,SOUTHEAST ALABAMA MEDICAL CENTER,1108 ROSS CLARK CIRCLE,DOTHAN,AL,36301,AL - Dothan,15,19821.53333,4105.8,3042.733333
543 - PATHOLOGICAL FRACTURES & MUSCULOSKELET & CONN TISS MALIG W CC,10001,SOUTHEAST ALABAMA MEDICAL CENTER,1108 ROSS CLARK CIRCLE,DOTHAN,AL,36301,AL - Dothan,14,35985.42857,5945.714286,5195.714286
551 - MEDICAL BACK PROBLEMS W MCC,10001,SOUTHEAST ALABAMA MEDICAL CENTER,1108 ROSS CLARK CIRCLE,DOTHAN,AL,36301,AL - Dothan,23,35445.30435,9624.73913,7077.869565
552 - MEDICAL BACK PROBLEMS W/O MCC,10001,SOUTHEAST ALABAMA MEDICAL CENTER,1108 ROSS CLARK CIRCLE,DOTHAN,AL,36301,AL - Dothan,27,28419.96296,4788.62963,3963.148148
"563 - FX, SPRN, STRN & DISL EXCEPT FEMUR, HIP, PELVIS & THIGH W/O MCC",10001,SOUTHEAST ALABAMA MEDICAL CENTER,1108 ROSS CLARK CIRCLE,DOTHAN,AL,36301,AL - Dothan,11,21227,4321.727273,3728.636364
603 - CELLULITIS W/O MCC,10001,SOUTHEAST ALABAMA MEDICAL CENTER,1108 ROSS CLARK CIRCLE,DOTHAN,AL,36301,AL - Dothan,46,17840.15217,4525.652174,3418.434783
637 - DIABETES W MCC,10001,SOUTHEAST ALABAMA MEDICAL CENTER,1108 ROSS CLARK CIRCLE,DOTHAN,AL,36301,AL - Dothan,45,28624.66667,7198.711111,6418.288889
638 - DIABETES W CC,10001,SOUTHEAST ALABAMA MEDICAL CENTER,1108 ROSS CLARK CIRCLE,DOTHAN,AL,36301,AL - Dothan,46,22621,4685.847826,3665.869565
639 - DIABETES W/O CC/MCC,10001,SOUTHEAST ALABAMA MEDICAL CENTER,1108 ROSS CLARK CIRCLE,DOTHAN,AL,36301,AL - Dothan,15,13963,3447.6,2404.133333
"640 - MISC DISORDERS OF NUTRITION,METABOLISM,FLUIDS/ELECTROLYTES W MCC",10001,SOUTHEAST ALABAMA MEDICAL CENTER,1108 ROSS CLARK CIRCLE,DOTHAN,AL,36301,AL - Dothan,39,31325.74359,6118.461539,5413.435897
"641 - MISC DISORDERS OF NUTRITION,METABOLISM,FLUIDS/ELECTROLYTES W/O MCC",10001,SOUTHEAST ALABAMA MEDICAL CENTER,1108 ROSS CLARK CIRCLE,DOTHAN,AL,36301,AL - Dothan,29,19943.44828,4049.137931,3005.413793
658 - KIDNEY & URETER PROCEDURES FOR NEOPLASM W/O CC/MCC,10001,SOUTHEAST ALABAMA MEDICAL CENTER,1108 ROSS CLARK CIRCLE,DOTHAN,AL,36301,AL - Dothan,11,36326.27273,8211.181818,7137
673 - OTHER KIDNEY & URINARY TRACT PROCEDURES W MCC,10001,SOUTHEAST ALABAMA MEDICAL CENTER,1108 ROSS CLARK CIRCLE,DOTHAN,AL,36301,AL - Dothan,22,77822.86364,17486.22727,16532.95455
682 - RENAL FAILURE W MCC,10001,SOUTHEAST ALABAMA MEDICAL CENTER,1108 ROSS CLARK CIRCLE,DOTHAN,AL,36301,AL - Dothan,112,39053.16964,7909.75,7097.866071
683 - RENAL FAILURE W CC,10001,SOUTHEAST ALABAMA MEDICAL CENTER,1108 ROSS CLARK CIRCLE,DOTHAN,AL,36301,AL - Dothan,89,22012.24719,5009.067416,3851.157303
689 - KIDNEY & URINARY TRACT INFECTIONS W MCC,10001,SOUTHEAST ALABAMA MEDICAL CENTER,1108 ROSS CLARK CIRCLE,DOTHAN,AL,36301,AL - Dothan,53,34132.54717,5865.698113,4850.830189
690 - KIDNEY & URINARY TRACT INFECTIONS W/O MCC,10001,SOUTHEAST ALABAMA MEDICAL CENTER,1108 ROSS CLARK CIRCLE,DOTHAN,AL,36301,AL - Dothan,38,22399.94737,4332.236842,3193.81579
698 - OTHER KIDNEY & URINARY TRACT DIAGNOSES W MCC,10001,SOUTHEAST ALABAMA MEDICAL CENTER,1108 ROSS CLARK CIRCLE,DOTHAN,AL,36301,AL - Dothan,19,43267.21053,8123.368421,7247.263158
699 - OTHER KIDNEY & URINARY TRACT DIAGNOSES W CC,10001,SOUTHEAST ALABAMA MEDICAL CENTER,1108 ROSS CLARK CIRCLE,DOTHAN,AL,36301,AL - Dothan,23,29190,5730.652174,4498.956522
708 - MAJOR MALE PELVIC PROCEDURES W/O CC/MCC,10001,SOUTHEAST ALABAMA MEDICAL CENTER,1108 ROSS CLARK CIRCLE,DOTHAN,AL,36301,AL - Dothan,31,40664.67742,7461.290323,5583.419355
781 - OTHER ANTEPARTUM DIAGNOSES W MEDICAL COMPLICATIONS,10001,SOUTHEAST ALABAMA MEDICAL CENTER,1108 ROSS CLARK CIRCLE,DOTHAN,AL,36301,AL - Dothan,12,13813.5,4482.916667,4153.916667
811 - RED BLOOD CELL DISORDERS W MCC,10001,SOUTHEAST ALABAMA MEDICAL CENTER,1108 ROSS CLARK CIRCLE,DOTHAN,AL,36301,AL - Dothan,34,35373.02941,7204.970588,6385.764706
812 - RED BLOOD CELL DISORDERS W/O MCC,10001,SOUTHEAST ALABAMA MEDICAL CENTER,1108 ROSS CLARK CIRCLE,DOTHAN,AL,36301,AL - Dothan,39,20394.23077,4784.641026,3767.564103
813 - COAGULATION DISORDERS,10001,SOUTHEAST ALABAMA MEDICAL CENTER,1108 ROSS CLARK CIRCLE,DOTHAN,AL,36301,AL - Dothan,34,31870.91177,10238.32353,9007.794118
840 - LYMPHOMA & NON-ACUTE LEUKEMIA W MCC,10001,SOUTHEAST ALABAMA MEDICAL CENTER,1108 ROSS CLARK CIRCLE,DOTHAN,AL,36301,AL - Dothan,13,68775.15385,15687.07692,14879.38462
853 - INFECTIOUS & PARASITIC DISEASES W O.R. PROCEDURE W MCC,10001,SOUTHEAST ALABAMA MEDICAL CENTER,1108 ROSS CLARK CIRCLE,DOTHAN,AL,36301,AL - Dothan,101,119598.099,25585.86139,23645.21782
854 - INFECTIOUS & PARASITIC DISEASES W O.R. PROCEDURE W CC,10001,SOUTHEAST ALABAMA MEDICAL CENTER,1108 ROSS CLARK CIRCLE,DOTHAN,AL,36301,AL - Dothan,23,64079.69565,11971,11118.82609
862 - POSTOPERATIVE & POST-TRAUMATIC INFECTIONS W MCC,10001,SOUTHEAST ALABAMA MEDICAL CENTER,1108 ROSS CLARK CIRCLE,DOTHAN,AL,36301,AL - Dothan,16,67941.25,11027.6875,10457.1875
870 - SEPTICEMIA OR SEVERE SEPSIS W MV >96 HOURS,10001,SOUTHEAST ALABAMA MEDICAL CENTER,1108 ROSS CLARK CIRCLE,DOTHAN,AL,36301,AL - Dothan,31,146858.5484,29553.6129,28507.45161
871 - SEPTICEMIA OR SEVERE SEPSIS W/O MV >96 HOURS W MCC,10001,SOUTHEAST ALABAMA MEDICAL CENTER,1108 ROSS CLARK CIRCLE,DOTHAN,AL,36301,AL - Dothan,450,48672.34889,9663.937778,8305.411111
872 - SEPTICEMIA OR SEVERE SEPSIS W/O MV >96 HOURS W/O MCC,10001,SOUTHEAST ALABAMA MEDICAL CENTER,1108 ROSS CLARK CIRCLE,DOTHAN,AL,36301,AL - Dothan,112,30927.54464,5644.705357,4587.633929
881 - DEPRESSIVE NEUROSES,10001,SOUTHEAST ALABAMA MEDICAL CENTER,1108 ROSS CLARK CIRCLE,DOTHAN,AL,36301,AL - Dothan,23,12535.56522,3825.347826,2853.869565
884 - ORGANIC DISTURBANCES & INTELLECTUAL DISABILITY,10001,SOUTHEAST ALABAMA MEDICAL CENTER,1108 ROSS CLARK CIRCLE,DOTHAN,AL,36301,AL - Dothan,77,24930.93507,6511.558442,5679.922078
885 - PSYCHOSES,10001,SOUTHEAST ALABAMA MEDICAL CENTER,1108 ROSS CLARK CIRCLE,DOTHAN,AL,36301,AL - Dothan,345,15641.27246,5969.930435,4951.336232
896 - ALCOHOL/DRUG ABUSE OR DEPENDENCE W/O REHABILITATION THERAPY W MCC,10001,SOUTHEAST ALABAMA MEDICAL CENTER,1108 ROSS CLARK CIRCLE,DOTHAN,AL,36301,AL - Dothan,18,44122.38889,9661.722222,8936.833333
897 - ALCOHOL/DRUG ABUSE OR DEPENDENCE W/O REHABILITATION THERAPY W/O MCC,10001,SOUTHEAST ALABAMA MEDICAL CENTER,1108 ROSS CLARK CIRCLE,DOTHAN,AL,36301,AL - Dothan,30,12753.2,4178.233333,3262.633333
917 - POISONING & TOXIC EFFECTS OF DRUGS W MCC,10001,SOUTHEAST ALABAMA MEDICAL CENTER,1108 ROSS CLARK CIRCLE,DOTHAN,AL,36301,AL - Dothan,59,34665.44068,7824.237288,7048.305085
918 - POISONING & TOXIC EFFECTS OF DRUGS W/O MCC,10001,SOUTHEAST ALABAMA MEDICAL CENTER,1108 ROSS CLARK CIRCLE,DOTHAN,AL,36301,AL - Dothan,21,19832.71429,4047.952381,3046.619048
919 - COMPLICATIONS OF TREATMENT W MCC,10001,SOUTHEAST ALABAMA MEDICAL CENTER,1108 ROSS CLARK CIRCLE,DOTHAN,AL,36301,AL - Dothan,11,57840.72727,10733.27273,8510.363636
920 - COMPLICATIONS OF TREATMENT W CC,10001,SOUTHEAST ALABAMA MEDICAL CENTER,1108 ROSS CLARK CIRCLE,DOTHAN,AL,36301,AL - Dothan,13,41977.07692,5537.846154,4934.769231
981 - EXTENSIVE O.R. PROCEDURE UNRELATED TO PRINCIPAL DIAGNOSIS W MCC,10001,SOUTHEAST ALABAMA MEDICAL CENTER,1108 ROSS CLARK CIRCLE,DOTHAN,AL,36301,AL - Dothan,37,93837.94595,23652.08108,22446.05405
982 - EXTENSIVE O.R. PROCEDURE UNRELATED TO PRINCIPAL DIAGNOSIS W CC,10001,SOUTHEAST ALABAMA MEDICAL CENTER,1108 ROSS CLARK CIRCLE,DOTHAN,AL,36301,AL - Dothan,11,77004.54546,13219.81818,9750.363636
038 - EXTRACRANIAL PROCEDURES W CC,10005,MARSHALL MEDICAL CENTER SOUTH,2505 U S HIGHWAY 431 NORTH,BOAZ,AL,35957,AL - Birmingham,13,26062.76923,8627.538462,7423.538462
039 - EXTRACRANIAL PROCEDURES W/O CC/MCC,10005,MARSHALL MEDICAL CENTER SOUTH,2505 U S HIGHWAY 431 NORTH,BOAZ,AL,35957,AL - Birmingham,37,14450.08108,6039.324324,4976.837838
064 - INTRACRANIAL HEMORRHAGE OR CEREBRAL INFARCTION W MCC,10005,MARSHALL MEDICAL CENTER SOUTH,2505 U S HIGHWAY 431 NORTH,BOAZ,AL,35957,AL - Birmingham,13,26866.23077,9540.769231,8636.153846
065 - INTRACRANIAL HEMORRHAGE OR CEREBRAL INFARCTION W CC OR TPA IN 24 HRS,10005,MARSHALL MEDICAL CENTER SOUTH,2505 U S HIGHWAY 431 NORTH,BOAZ,AL,35957,AL - Birmingham,30,14336.26667,5676.666667,4543.6
066 - INTRACRANIAL HEMORRHAGE OR CEREBRAL INFARCTION W/O CC/MCC,10005,MARSHALL MEDICAL CENTER SOUTH,2505 U S HIGHWAY 431 NORTH,BOAZ,AL,35957,AL - Birmingham,25,13158.84,4709.64,3043.36
069 - TRANSIENT ISCHEMIA,10005,MARSHALL MEDICAL CENTER SOUTH,2505 U S HIGHWAY 431 NORTH,BOAZ,AL,35957,AL - Birmingham,36,16008.44444,4273.555556,3002.805556
101 - SEIZURES W/O MCC,10005,MARSHALL MEDICAL CENTER SOUTH,2505 U S HIGHWAY 431 NORTH,BOAZ,AL,35957,AL - Birmingham,19,11954.63158,4555.368421,3590.105263
176 - PULMONARY EMBOLISM W/O MCC,10005,MARSHALL MEDICAL CENTER SOUTH,2505 U S HIGHWAY 431 NORTH,BOAZ,AL,35957,AL - Birmingham,21,11914.52381,5318.904762,3394.190476
177 - RESPIRATORY INFECTIONS & INFLAMMATIONS W MCC,10005,MARSHALL MEDICAL CENTER SOUTH,2505 U S HIGHWAY 431 NORTH,BOAZ,AL,35957,AL - Birmingham,19,30773.42105,9887.578947,9199.368421
178 - RESPIRATORY INFECTIONS & INFLAMMATIONS W CC,10005,MARSHALL MEDICAL CENTER SOUTH,2505 U S HIGHWAY 431 NORTH,BOAZ,AL,35957,AL - Birmingham,26,20838.15385,7707.769231,6170.076923
189 - PULMONARY EDEMA & RESPIRATORY FAILURE,10005,MARSHALL MEDICAL CENTER SOUTH,2505 U S HIGHWAY 431 NORTH,BOAZ,AL,35957,AL - Birmingham,61,21083.13115,6746.52459,5718.42623
190 - CHRONIC OBSTRUCTIVE PULMONARY DISEASE W MCC,10005,MARSHALL MEDICAL CENTER SOUTH,2505 U S HIGHWAY 431 NORTH,BOAZ,AL,35957,AL - Birmingham,181,18834.53039,6454.093923,5033.425414
191 - CHRONIC OBSTRUCTIVE PULMONARY DISEASE W CC,10005,MARSHALL MEDICAL CENTER SOUTH,2505 U S HIGHWAY 431 NORTH,BOAZ,AL,35957,AL - Birmingham,114,15655.18421,5245.078947,4083.631579
192 - CHRONIC OBSTRUCTIVE PULMONARY DISEASE W/O CC/MCC,10005,MARSHALL MEDICAL CENTER SOUTH,2505 U S HIGHWAY 431 NORTH,BOAZ,AL,35957,AL - Birmingham,44,9444.954546,4124.068182,2811.022727
193 - SIMPLE PNEUMONIA & PLEURISY W MCC,10005,MARSHALL MEDICAL CENTER SOUTH,2505 U S HIGHWAY 431 NORTH,BOAZ,AL,35957,AL - Birmingham,56,23453.5,7597.446429,6395.696429
194 - SIMPLE PNEUMONIA & PLEURISY W CC,10005,MARSHALL MEDICAL CENTER SOUTH,2505 U S HIGHWAY 431 NORTH,BOAZ,AL,35957,AL - Birmingham,82,14276.58537,5309.402439,4306.52439
195 - SIMPLE PNEUMONIA & PLEURISY W/O CC/MCC,10005,MARSHALL MEDICAL CENTER SOUTH,2505 U S HIGHWAY 431 NORTH,BOAZ,AL,35957,AL - Birmingham,33,10246.69697,4055.121212,2902.878788
202 - BRONCHITIS & ASTHMA W CC/MCC,10005,MARSHALL MEDICAL CENTER SOUTH,2505 U S HIGHWAY 431 NORTH,BOAZ,AL,35957,AL - Birmingham,28,13215.5,5040.25,3874.25
208 - RESPIRATORY SYSTEM DIAGNOSIS W VENTILATOR SUPPORT <=96 HOURS,10005,MARSHALL MEDICAL CENTER SOUTH,2505 U S HIGHWAY 431 NORTH,BOAZ,AL,35957,AL - Birmingham,26,37193.96154,12785.42308,11275.11539
253 - OTHER VASCULAR PROCEDURES W CC,10005,MARSHALL MEDICAL CENTER SOUTH,2505 U S HIGHWAY 431 NORTH,BOAZ,AL,35957,AL - Birmingham,13,26287.23077,15082.15385,10495.07692
254 - OTHER VASCULAR PROCEDURES W/O CC/MCC,10005,MARSHALL MEDICAL CENTER SOUTH,2505 U S HIGHWAY 431 NORTH,BOAZ,AL,35957,AL - Birmingham,11,17132,9676,8601.818182
269 - AORTIC AND HEART ASSIST PROCEDURES EXCEPT PULSATION BALLOON W/O MCC,10005,MARSHALL MEDICAL CENTER SOUTH,2505 U S HIGHWAY 431 NORTH,BOAZ,AL,35957,AL - Birmingham,14,56548.07143,21457.57143,20611.57143
271 - OTHER MAJOR CARDIOVASCULAR PROCEDURES W CC,10005,MARSHALL MEDICAL CENTER SOUTH,2505 U S HIGHWAY 431 NORTH,BOAZ,AL,35957,AL - Birmingham,19,64205.10526,16665.10526,15235.89474
"280 - ACUTE MYOCARDIAL INFARCTION, DISCHARGED ALIVE W MCC",10005,MARSHALL MEDICAL CENTER SOUTH,2505 U S HIGHWAY 431 NORTH,BOAZ,AL,35957,AL - Birmingham,19,18667.73684,8116.684211,6809.368421
"287 - CIRCULATORY DISORDERS EXCEPT AMI, W CARD CATH W/O MCC",10005,MARSHALL MEDICAL CENTER SOUTH,2505 U S HIGHWAY 431 NORTH,BOAZ,AL,35957,AL - Birmingham,16,26175,6226.5,5330.5
291 - HEART FAILURE & SHOCK W MCC,10005,MARSHALL MEDICAL CENTER SOUTH,2505 U S HIGHWAY 431 NORTH,BOAZ,AL,35957,AL - Birmingham,89,18208.89888,8220.404494,6905.460674
292 - HEART FAILURE & SHOCK W CC,10005,MARSHALL MEDICAL CENTER SOUTH,2505 U S HIGHWAY 431 NORTH,BOAZ,AL,35957,AL - Birmingham,45,13050.77778,5264.644444,4336.822222
293 - HEART FAILURE & SHOCK W/O CC/MCC,10005,MARSHALL MEDICAL CENTER SOUTH,2505 U S HIGHWAY 431 NORTH,BOAZ,AL,35957,AL - Birmingham,19,9805.052632,3796.789474,2760.789474
300 - PERIPHERAL VASCULAR DISORDERS W CC,10005,MARSHALL MEDICAL CENTER SOUTH,2505 U S HIGHWAY 431 NORTH,BOAZ,AL,35957,AL - Birmingham,12,12124.08333,5649.083333,4662.083333
308 - CARDIAC ARRHYTHMIA & CONDUCTION DISORDERS W MCC,10005,MARSHALL MEDICAL CENTER SOUTH,2505 U S HIGHWAY 431 NORTH,BOAZ,AL,35957,AL - Birmingham,30,22379.5,6561.133333,5602.6
309 - CARDIAC ARRHYTHMIA & CONDUCTION DISORDERS W CC,10005,MARSHALL MEDICAL CENTER SOUTH,2505 U S HIGHWAY 431 NORTH,BOAZ,AL,35957,AL - Birmingham,40,12041.575,4368.05,3159.15
310 - CARDIAC ARRHYTHMIA & CONDUCTION DISORDERS W/O CC/MCC,10005,MARSHALL MEDICAL CENTER SOUTH,2505 U S HIGHWAY 431 NORTH,BOAZ,AL,35957,AL - Birmingham,32,9413.3125,3498.78125,1995.40625
312 - SYNCOPE & COLLAPSE,10005,MARSHALL MEDICAL CENTER SOUTH,2505 U S HIGHWAY 431 NORTH,BOAZ,AL,35957,AL - Birmingham,30,12400,4453.2,3417.466667
313 - CHEST PAIN,10005,MARSHALL MEDICAL CENTER SOUTH,2505 U S HIGHWAY 431 NORTH,BOAZ,AL,35957,AL - Birmingham,24,13764.58333,3889.166667,2637.333333
330 - MAJOR SMALL & LARGE BOWEL PROCEDURES W CC,10005,MARSHALL MEDICAL CENTER SOUTH,2505 U S HIGHWAY 431 NORTH,BOAZ,AL,35957,AL - Birmingham,17,34608.47059,13918.82353,9486.352941
331 - MAJOR SMALL & LARGE BOWEL PROCEDURES W/O CC/MCC,10005,MARSHALL MEDICAL CENTER SOUTH,2505 U S HIGHWAY 431 NORTH,BOAZ,AL,35957,AL - Birmingham,18,29945.33333,9159.666667,7517.166667
378 - G.I. HEMORRHAGE W CC,10005,MARSHALL MEDICAL CENTER SOUTH,2505 U S HIGHWAY 431 NORTH,BOAZ,AL,35957,AL - Birmingham,46,11556.6087,5739.847826,4276.326087
379 - G.I. HEMORRHAGE W/O CC/MCC,10005,MARSHALL MEDICAL CENTER SOUTH,2505 U S HIGHWAY 431 NORTH,BOAZ,AL,35957,AL - Birmingham,11,9090.909091,4432.363636,2513.545455
389 - G.I. OBSTRUCTION W CC,10005,MARSHALL MEDICAL CENTER SOUTH,2505 U S HIGHWAY 431 NORTH,BOAZ,AL,35957,AL - Birmingham,25,11062.6,4978.24,3813.6
390 - G.I. OBSTRUCTION W/O CC/MCC,10005,MARSHALL MEDICAL CENTER SOUTH,2505 U S HIGHWAY 431 NORTH,BOAZ,AL,35957,AL - Birmingham,15,9626.933333,3526.933333,2306.133333
"391 - ESOPHAGITIS, GASTROENT & MISC DIGEST DISORDERS W MCC",10005,MARSHALL MEDICAL CENTER SOUTH,2505 U S HIGHWAY 431 NORTH,BOAZ,AL,35957,AL - Birmingham,16,20980.0625,6811.6875,5670.625
"392 - ESOPHAGITIS, GASTROENT & MISC DIGEST DISORDERS W/O MCC",10005,MARSHALL MEDICAL CENTER SOUTH,2505 U S HIGHWAY 431 NORTH,BOAZ,AL,35957,AL - Birmingham,138,10362.57971,4414.833333,3050.673913
394 - OTHER DIGESTIVE SYSTEM DIAGNOSES W CC,10005,MARSHALL MEDICAL CENTER SOUTH,2505 U S HIGHWAY 431 NORTH,BOAZ,AL,35957,AL - Birmingham,16,15204.5625,5733.4375,4036.4375
418 - LAPAROSCOPIC CHOLECYSTECTOMY W/O C.D.E. W CC,10005,MARSHALL MEDICAL CENTER SOUTH,2505 U S HIGHWAY 431 NORTH,BOAZ,AL,35957,AL - Birmingham,19,25909.52632,9014,7908.736842
470 - MAJOR JOINT REPLACEMENT OR REATTACHMENT OF LOWER EXTREMITY W/O MCC,10005,MARSHALL MEDICAL CENTER SOUTH,2505 U S HIGHWAY 431 NORTH,BOAZ,AL,35957,AL - Birmingham,168,25815.2381,11093.21429,9300.833333
481 - HIP & FEMUR PROCEDURES EXCEPT MAJOR JOINT W CC,10005,MARSHALL MEDICAL CENTER SOUTH,2505 U S HIGHWAY 431 NORTH,BOAZ,AL,35957,AL - Birmingham,33,24215.45455,10781.78788,9632.939394
482 - HIP & FEMUR PROCEDURES EXCEPT MAJOR JOINT W/O CC/MCC,10005,MARSHALL MEDICAL CENTER SOUTH,2505 U S HIGHWAY 431 NORTH,BOAZ,AL,35957,AL - Birmingham,11,17604.81818,8934.090909,7745.363636
"493 - LOWER EXTREM & HUMER PROC EXCEPT HIP,FOOT,FEMUR W CC",10005,MARSHALL MEDICAL CENTER SOUTH,2505 U S HIGHWAY 431 NORTH,BOAZ,AL,35957,AL - Birmingham,12,23096.5,11567.08333,10258.08333
536 - FRACTURES OF HIP & PELVIS W/O MCC,10005,MARSHALL MEDICAL CENTER SOUTH,2505 U S HIGHWAY 431 NORTH,BOAZ,AL,35957,AL - Birmingham,15,9497.8,4076.2,3027.133333
603 - CELLULITIS W/O MCC,10005,MARSHALL MEDICAL CENTER SOUTH,2505 U S HIGHWAY 431 NORTH,BOAZ,AL,35957,AL - Birmingham,52,12090.46154,5204.115385,3463.923077
621 - O.R. PROCEDURES FOR OBESITY W/O CC/MCC,10005,MARSHALL MEDICAL CENTER SOUTH,2505 U S HIGHWAY 431 NORTH,BOAZ,AL,35957,AL - Birmingham,16,21016.0625,8591.625,6855.75
638 - DIABETES W CC,10005,MARSHALL MEDICAL CENTER SOUTH,2505 U S HIGHWAY 431 NORTH,BOAZ,AL,35957,AL - Birmingham,24,10973.16667,4805.958333,3774.25
639 - DIABETES W/O CC/MCC,10005,MARSHALL MEDICAL CENTER SOUTH,2505 U S HIGHWAY 431 NORTH,BOAZ,AL,35957,AL - Birmingham,15,9608.333333,4093.866667,2308
"640 - MISC DISORDERS OF NUTRITION,METABOLISM,FLUIDS/ELECTROLYTES W MCC",10005,MARSHALL MEDICAL CENTER SOUTH,2505 U S HIGHWAY 431 NORTH,BOAZ,AL,35957,AL - Birmingham,16,21232.875,6433.4375,5696.625
"641 - MISC DISORDERS OF NUTRITION,METABOLISM,FLUIDS/ELECTROLYTES W/O MCC",10005,MARSHALL MEDICAL CENTER SOUTH,2505 U S HIGHWAY 431 NORTH,BOAZ,AL,35957,AL - Birmingham,59,9117.135593,4059.254237,3136.016949
682 - RENAL FAILURE W MCC,10005,MARSHALL MEDICAL CENTER SOUTH,2505 U S HIGHWAY 431 NORTH,BOAZ,AL,35957,AL - Birmingham,33,19462.9697,7713.636364,6981.393939
683 - RENAL FAILURE W CC,10005,MARSHALL MEDICAL CENTER SOUTH,2505 U S HIGHWAY 431 NORTH,BOAZ,AL,35957,AL - Birmingham,57,11782.59649,5152.807018,4285.54386
684 - RENAL FAILURE W/O CC/MCC,10005,MARSHALL MEDICAL CENTER SOUTH,2505 U S HIGHWAY 431 NORTH,BOAZ,AL,35957,AL - Birmingham,12,8509.333333,3713.583333,2171.333333
689 - KIDNEY & URINARY TRACT INFECTIONS W MCC,10005,MARSHALL MEDICAL CENTER SOUTH,2505 U S HIGHWAY 431 NORTH,BOAZ,AL,35957,AL - Birmingham,50,15764.94,5903.98,4873.94
690 - KIDNEY & URINARY TRACT INFECTIONS W/O MCC,10005,MARSHALL MEDICAL CENTER SOUTH,2505 U S HIGHWAY 431 NORTH,BOAZ,AL,35957,AL - Birmingham,113,10849.39823,4491.185841,3246.221239
698 - OTHER KIDNEY & URINARY TRACT DIAGNOSES W MCC,10005,MARSHALL MEDICAL CENTER SOUTH,2505 U S HIGHWAY 431 NORTH,BOAZ,AL,35957,AL - Birmingham,13,13573.84615,8061.538462,7357.230769
811 - RED BLOOD CELL DISORDERS W MCC,10005,MARSHALL MEDICAL CENTER SOUTH,2505 U S HIGHWAY 431 NORTH,BOAZ,AL,35957,AL - Birmingham,18,14909.05556,7181.555556,6312
812 - RED BLOOD CELL DISORDERS W/O MCC,10005,MARSHALL MEDICAL CENTER SOUTH,2505 U S HIGHWAY 431 NORTH,BOAZ,AL,35957,AL - Birmingham,37,11466.56757,4821.378378,3848.72973
853 - INFECTIOUS & PARASITIC DISEASES W O.R. PROCEDURE W MCC,10005,MARSHALL MEDICAL CENTER SOUTH,2505 U S HIGHWAY 431 NORTH,BOAZ,AL,35957,AL - Birmingham,11,76183.18182,26543.72727,25828.36364
870 - SEPTICEMIA OR SEVERE SEPSIS W MV >96 HOURS,10005,MARSHALL MEDICAL CENTER SOUTH,2505 U S HIGHWAY 431 NORTH,BOAZ,AL,35957,AL - Birmingham,15,69936.53333,30653.26667,29695.66667
871 - SEPTICEMIA OR SEVERE SEPSIS W/O MV >96 HOURS W MCC,10005,MARSHALL MEDICAL CENTER SOUTH,2505 U S HIGHWAY 431 NORTH,BOAZ,AL,35957,AL - Birmingham,213,22616.08451,9347.84507,8346.183099
872 - SEPTICEMIA OR SEVERE SEPSIS W/O MV >96 HOURS W/O MCC,10005,MARSHALL MEDICAL CENTER SOUTH,2505 U S HIGHWAY 431 NORTH,BOAZ,AL,35957,AL - Birmingham,66,15294.54546,5927.242424,4444.166667
881 - DEPRESSIVE NEUROSES,10005,MARSHALL MEDICAL CENTER SOUTH,2505 U S HIGHWAY 431 NORTH,BOAZ,AL,35957,AL - Birmingham,11,8562.363636,3867.090909,2915.090909
884 - ORGANIC DISTURBANCES & INTELLECTUAL DISABILITY,10005,MARSHALL MEDICAL CENTER SOUTH,2505 U S HIGHWAY 431 NORTH,BOAZ,AL,35957,AL - Birmingham,16,12661.25,5625.9375,4496.75
885 - PSYCHOSES,10005,MARSHALL MEDICAL CENTER SOUTH,2505 U S HIGHWAY 431 NORTH,BOAZ,AL,35957,AL - Birmingham,68,9872.308824,6365.25,4477.529412
897 - ALCOHOL/DRUG ABUSE OR DEPENDENCE W/O REHABILITATION THERAPY W/O MCC,10005,MARSHALL MEDICAL CENTER SOUTH,2505 U S HIGHWAY 431 NORTH,BOAZ,AL,35957,AL - Birmingham,12,9511.5,4293,3093.666667
917 - POISONING & TOXIC EFFECTS OF DRUGS W MCC,10005,MARSHALL MEDICAL CENTER SOUTH,2505 U S HIGHWAY 431 NORTH,BOAZ,AL,35957,AL - Birmingham,24,15524.04167,8527.958333,6555.958333
918 - POISONING & TOXIC EFFECTS OF DRUGS W/O MCC,10005,MARSHALL MEDICAL CENTER SOUTH,2505 U S HIGHWAY 431 NORTH,BOAZ,AL,35957,AL - Birmingham,30,10599.76667,4084.3,3028.733333
948 - SIGNS & SYMPTOMS W/O MCC,10005,MARSHALL MEDICAL CENTER SOUTH,2505 U S HIGHWAY 431 NORTH,BOAZ,AL,35957,AL - Birmingham,26,12574.92308,4284.346154,3083.384615
038 - EXTRACRANIAL PROCEDURES W CC,10006,ELIZA COFFEE MEMORIAL HOSPITAL,205 MARENGO STREET,FLORENCE,AL,35631,AL - Birmingham,20,53438.95,7796.85,7008.65
039 - EXTRACRANIAL PROCEDURES W/O CC/MCC,10006,ELIZA COFFEE MEMORIAL HOSPITAL,205 MARENGO STREET,FLORENCE,AL,35631,AL - Birmingham,19,35486.57895,5486.421053,4137.263158
057 - DEGENERATIVE NERVOUS SYSTEM DISORDERS W/O MCC,10006,ELIZA COFFEE MEMORIAL HOSPITAL,205 MARENGO STREET,FLORENCE,AL,35631,AL - Birmingham,13,24472.15385,5758.307692,4293.153846
064 - INTRACRANIAL HEMORRHAGE OR CEREBRAL INFARCTION W MCC,10006,ELIZA COFFEE MEMORIAL HOSPITAL,205 MARENGO STREET,FLORENCE,AL,35631,AL - Birmingham,56,35674.07143,8522.857143,7467.857143
065 - INTRACRANIAL HEMORRHAGE OR CEREBRAL INFARCTION W CC OR TPA IN 24 HRS,10006,ELIZA COFFEE MEMORIAL HOSPITAL,205 MARENGO STREET,FLORENCE,AL,35631,AL - Birmingham,99,24571.08081,5159.626263,4049.525253
066 - INTRACRANIAL HEMORRHAGE OR CEREBRAL INFARCTION W/O CC/MCC,10006,ELIZA COFFEE MEMORIAL HOSPITAL,205 MARENGO STREET,FLORENCE,AL,35631,AL - Birmingham,16,20953.625,3955.75,2501.75
069 - TRANSIENT ISCHEMIA,10006,ELIZA COFFEE MEMORIAL HOSPITAL,205 MARENGO STREET,FLORENCE,AL,35631,AL - Birmingham,21,17277.38095,3820,2700
074 - CRANIAL & PERIPHERAL NERVE DISORDERS W/O MCC,10006,ELIZA COFFEE MEMORIAL HOSPITAL,205 MARENGO STREET,FLORENCE,AL,35631,AL - Birmingham,15,15568.13333,4677.4,3546.2
091 - OTHER DISORDERS OF NERVOUS SYSTEM W MCC,10006,ELIZA COFFEE MEMORIAL HOSPITAL,205 MARENGO STREET,FLORENCE,AL,35631,AL - Birmingham,13,24807.53846,7572.538462,6764.846154
100 - SEIZURES W MCC,10006,ELIZA COFFEE MEMORIAL HOSPITAL,205 MARENGO STREET,FLORENCE,AL,35631,AL - Birmingham,15,43030.2,9055.8,6682.333333
101 - SEIZURES W/O MCC,10006,ELIZA COFFEE MEMORIAL HOSPITAL,205 MARENGO STREET,FLORENCE,AL,35631,AL - Birmingham,18,17495.88889,4110.5,3094.722222
163 - MAJOR CHEST PROCEDURES W MCC,10006,ELIZA COFFEE MEMORIAL HOSPITAL,205 MARENGO STREET,FLORENCE,AL,35631,AL - Birmingham,15,130212.7333,23695.8,22738.2
166 - OTHER RESP SYSTEM O.R. PROCEDURES W MCC,10006,ELIZA COFFEE MEMORIAL HOSPITAL,205 MARENGO STREET,FLORENCE,AL,35631,AL - Birmingham,17,71734.17647,16565.52941,15849.47059
175 - PULMONARY EMBOLISM W MCC,10006,ELIZA COFFEE MEMORIAL HOSPITAL,205 MARENGO STREET,FLORENCE,AL,35631,AL - Birmingham,11,41262.18182,7202,6247.454546
176 - PULMONARY EMBOLISM W/O MCC,10006,ELIZA COFFEE MEMORIAL HOSPITAL,205 MARENGO STREET,FLORENCE,AL,35631,AL - Birmingham,23,21846.52174,4642.521739,3904.782609
177 - RESPIRATORY INFECTIONS & INFLAMMATIONS W MCC,10006,ELIZA COFFEE MEMORIAL HOSPITAL,205 MARENGO STREET,FLORENCE,AL,35631,AL - Birmingham,50,44911.8,8772.52,7898.92
178 - RESPIRATORY INFECTIONS & INFLAMMATIONS W CC,10006,ELIZA COFFEE MEMORIAL HOSPITAL,205 MARENGO STREET,FLORENCE,AL,35631,AL - Birmingham,33,33137.21212,6587.848485,5563.666667
180 - RESPIRATORY NEOPLASMS W MCC,10006,ELIZA COFFEE MEMORIAL HOSPITAL,205 MARENGO STREET,FLORENCE,AL,35631,AL - Birmingham,16,42837.875,8353.5625,7699.0625
189 - PULMONARY EDEMA & RESPIRATORY FAILURE,10006,ELIZA COFFEE MEMORIAL HOSPITAL,205 MARENGO STREET,FLORENCE,AL,35631,AL - Birmingham,192,33938.75,6130.427083,5089.973958
190 - CHRONIC OBSTRUCTIVE PULMONARY DISEASE W MCC,10006,ELIZA COFFEE MEMORIAL HOSPITAL,205 MARENGO STREET,FLORENCE,AL,35631,AL - Birmingham,134,29635.71642,5895.059702,4625.044776
191 - CHRONIC OBSTRUCTIVE PULMONARY DISEASE W CC,10006,ELIZA COFFEE MEMORIAL HOSPITAL,205 MARENGO STREET,FLORENCE,AL,35631,AL - Birmingham,57,20725.59649,4635.807018,3606.192983
192 - CHRONIC OBSTRUCTIVE PULMONARY DISEASE W/O CC/MCC,10006,ELIZA COFFEE MEMORIAL HOSPITAL,205 MARENGO STREET,FLORENCE,AL,35631,AL - Birmingham,28,19292.89286,3755.714286,2585.714286
193 - SIMPLE PNEUMONIA & PLEURISY W MCC,10006,ELIZA COFFEE MEMORIAL HOSPITAL,205 MARENGO STREET,FLORENCE,AL,35631,AL - Birmingham,34,28720.58824,6701.529412,5738.823529
194 - SIMPLE PNEUMONIA & PLEURISY W CC,10006,ELIZA COFFEE MEMORIAL HOSPITAL,205 MARENGO STREET,FLORENCE,AL,35631,AL - Birmingham,20,19702.2,4713.05,3597.25
195 - SIMPLE PNEUMONIA & PLEURISY W/O CC/MCC,10006,ELIZA COFFEE MEMORIAL HOSPITAL,205 MARENGO STREET,FLORENCE,AL,35631,AL - Birmingham,20,15907.45,3658.9,2418.5
199 - PNEUMOTHORAX W MCC,10006,ELIZA COFFEE MEMORIAL HOSPITAL,205 MARENGO STREET,FLORENCE,AL,35631,AL - Birmingham,11,43634.81818,8892.363636,8057.454546
202 - BRONCHITIS & ASTHMA W CC/MCC,10006,ELIZA COFFEE MEMORIAL HOSPITAL,205 MARENGO STREET,FLORENCE,AL,35631,AL - Birmingham,25,21285.56,4545.64,3446.92
206 - OTHER RESPIRATORY SYSTEM DIAGNOSES W/O MCC,10006,ELIZA COFFEE MEMORIAL HOSPITAL,205 MARENGO STREET,FLORENCE,AL,35631,AL - Birmingham,12,26208,4324.666667,3035.333333
208 - RESPIRATORY SYSTEM DIAGNOSIS W VENTILATOR SUPPORT <=96 HOURS,10006,ELIZA COFFEE MEMORIAL HOSPITAL,205 MARENGO STREET,FLORENCE,AL,35631,AL - Birmingham,43,60555.32558,11400.46512,10471.27907
233 - CORONARY BYPASS W CARDIAC CATH W MCC,10006,ELIZA COFFEE MEMORIAL HOSPITAL,205 MARENGO STREET,FLORENCE,AL,35631,AL - Birmingham,13,197044.6154,35840.61539,34735.69231
234 - CORONARY BYPASS W CARDIAC CATH W/O MCC,10006,ELIZA COFFEE MEMORIAL HOSPITAL,205 MARENGO STREET,FLORENCE,AL,35631,AL - Birmingham,19,140693.3684,23861.63158,22493.21053
242 - PERMANENT CARDIAC PACEMAKER IMPLANT W MCC,10006,ELIZA COFFEE MEMORIAL HOSPITAL,205 MARENGO STREET,FLORENCE,AL,35631,AL - Birmingham,11,95745,17198.63636,16004.90909
243 - PERMANENT CARDIAC PACEMAKER IMPLANT W CC,10006,ELIZA COFFEE MEMORIAL HOSPITAL,205 MARENGO STREET,FLORENCE,AL,35631,AL - Birmingham,21,66854,12990.38095,11129.33333
244 - PERMANENT CARDIAC PACEMAKER IMPLANT W/O CC/MCC,10006,ELIZA COFFEE MEMORIAL HOSPITAL,205 MARENGO STREET,FLORENCE,AL,35631,AL - Birmingham,18,57102.77778,10451.5,9434.166667
246 - PERC CARDIOVASC PROC W DRUG-ELUTING STENT W MCC OR 4+ VESSELS/STENTS,10006,ELIZA COFFEE MEMORIAL HOSPITAL,205 MARENGO STREET,FLORENCE,AL,35631,AL - Birmingham,50,94114.22,16177.04,14483.78
247 - PERC CARDIOVASC PROC W DRUG-ELUTING STENT W/O MCC,10006,ELIZA COFFEE MEMORIAL HOSPITAL,205 MARENGO STREET,FLORENCE,AL,35631,AL - Birmingham,126,63059.62698,11024.11905,8404.769841
251 - PERC CARDIOVASC PROC W/O CORONARY ARTERY STENT W/O MCC,10006,ELIZA COFFEE MEMORIAL HOSPITAL,205 MARENGO STREET,FLORENCE,AL,35631,AL - Birmingham,14,64666.92857,8562.285714,6699.714286
252 - OTHER VASCULAR PROCEDURES W MCC,10006,ELIZA COFFEE MEMORIAL HOSPITAL,205 MARENGO STREET,FLORENCE,AL,35631,AL - Birmingham,31,88668.51613,16645.90323,15718.29032
253 - OTHER VASCULAR PROCEDURES W CC,10006,ELIZA COFFEE MEMORIAL HOSPITAL,205 MARENGO STREET,FLORENCE,AL,35631,AL - Birmingham,27,70562,12840,11919.11111
268 - AORTIC AND HEART ASSIST PROCEDURES EXCEPT PULSATION BALLOON W MCC,10006,ELIZA COFFEE MEMORIAL HOSPITAL,205 MARENGO STREET,FLORENCE,AL,35631,AL - Birmingham,11,153054.1818,30134.63636,29307.36364
269 - AORTIC AND HEART ASSIST PROCEDURES EXCEPT PULSATION BALLOON W/O MCC,10006,ELIZA COFFEE MEMORIAL HOSPITAL,205 MARENGO STREET,FLORENCE,AL,35631,AL - Birmingham,18,85095.61111,19388.77778,18371.44444
270 - OTHER MAJOR CARDIOVASCULAR PROCEDURES W MCC,10006,ELIZA COFFEE MEMORIAL HOSPITAL,205 MARENGO STREET,FLORENCE,AL,35631,AL - Birmingham,20,117979.3,22975.8,22187.6
271 - OTHER MAJOR CARDIOVASCULAR PROCEDURES W CC,10006,ELIZA COFFEE MEMORIAL HOSPITAL,205 MARENGO STREET,FLORENCE,AL,35631,AL - Birmingham,11,86793.18182,15217.90909,14153.90909
"280 - ACUTE MYOCARDIAL INFARCTION, DISCHARGED ALIVE W MCC",10006,ELIZA COFFEE MEMORIAL HOSPITAL,205 MARENGO STREET,FLORENCE,AL,35631,AL - Birmingham,39,40199.48718,8134.820513,7328.564103
"281 - ACUTE MYOCARDIAL INFARCTION, DISCHARGED ALIVE W CC",10006,ELIZA COFFEE MEMORIAL HOSPITAL,205 MARENGO STREET,FLORENCE,AL,35631,AL - Birmingham,30,24255.56667,5054.9,4131.733333
"286 - CIRCULATORY DISORDERS EXCEPT AMI, W CARD CATH W MCC",10006,ELIZA COFFEE MEMORIAL HOSPITAL,205 MARENGO STREET,FLORENCE,AL,35631,AL - Birmingham,34,45324.94118,10618.17647,9703.852941
"287 - CIRCULATORY DISORDERS EXCEPT AMI, W CARD CATH W/O MCC",10006,ELIZA COFFEE MEMORIAL HOSPITAL,205 MARENGO STREET,FLORENCE,AL,35631,AL - Birmingham,51,29873.5098,5866.294118,4812.176471
291 - HEART FAILURE & SHOCK W MCC,10006,ELIZA COFFEE MEMORIAL HOSPITAL,205 MARENGO STREET,FLORENCE,AL,35631,AL - Birmingham,238,33568.65966,7310.012605,6292.197479
292 - HEART FAILURE & SHOCK W CC,10006,ELIZA COFFEE MEMORIAL HOSPITAL,205 MARENGO STREET,FLORENCE,AL,35631,AL - Birmingham,33,21717.90909,4864.757576,3792.272727
293 - HEART FAILURE & SHOCK W/O CC/MCC,10006,ELIZA COFFEE MEMORIAL HOSPITAL,205 MARENGO STREET,FLORENCE,AL,35631,AL - Birmingham,22,12660.45455,3455.090909,2302.181818
299 - PERIPHERAL VASCULAR DISORDERS W MCC,10006,ELIZA COFFEE MEMORIAL HOSPITAL,205 MARENGO STREET,FLORENCE,AL,35631,AL - Birmingham,11,19974.09091,6829.454546,6004.727273
300 - PERIPHERAL VASCULAR DISORDERS W CC,10006,ELIZA COFFEE MEMORIAL HOSPITAL,205 MARENGO STREET,FLORENCE,AL,35631,AL - Birmingham,28,21577.25,5067.178571,4272.178571
301 - PERIPHERAL VASCULAR DISORDERS W/O CC/MCC,10006,ELIZA COFFEE MEMORIAL HOSPITAL,205 MARENGO STREET,FLORENCE,AL,35631,AL - Birmingham,13,14027.07692,3748.769231,2941.076923
303 - ATHEROSCLEROSIS W/O MCC,10006,ELIZA COFFEE MEMORIAL HOSPITAL,205 MARENGO STREET,FLORENCE,AL,35631,AL - Birmingham,21,21593,3371.333333,2314
305 - HYPERTENSION W/O MCC,10006,ELIZA COFFEE MEMORIAL HOSPITAL,205 MARENGO STREET,FLORENCE,AL,35631,AL - Birmingham,17,15137.47059,3528.411765,2293.117647
308 - CARDIAC ARRHYTHMIA & CONDUCTION DISORDERS W MCC,10006,ELIZA COFFEE MEMORIAL HOSPITAL,205 MARENGO STREET,FLORENCE,AL,35631,AL - Birmingham,45,28645.8,6103.444444,4956.244444
309 - CARDIAC ARRHYTHMIA & CONDUCTION DISORDERS W CC,10006,ELIZA COFFEE MEMORIAL HOSPITAL,205 MARENGO STREET,FLORENCE,AL,35631,AL - Birmingham,51,15433.01961,4082.392157,2956.901961
310 - CARDIAC ARRHYTHMIA & CONDUCTION DISORDERS W/O CC/MCC,10006,ELIZA COFFEE MEMORIAL HOSPITAL,205 MARENGO STREET,FLORENCE,AL,35631,AL - Birmingham,51,13453.43137,3004.254902,1837.568628
312 - SYNCOPE & COLLAPSE,10006,ELIZA COFFEE MEMORIAL HOSPITAL,205 MARENGO STREET,FLORENCE,AL,35631,AL - Birmingham,40,13693.975,4021.125,2923.225
314 - OTHER CIRCULATORY SYSTEM DIAGNOSES W MCC,10006,ELIZA COFFEE MEMORIAL HOSPITAL,205 MARENGO STREET,FLORENCE,AL,35631,AL - Birmingham,27,55545.74074,10760.51852,7774.851852
315 - OTHER CIRCULATORY SYSTEM DIAGNOSES W CC,10006,ELIZA COFFEE MEMORIAL HOSPITAL,205 MARENGO STREET,FLORENCE,AL,35631,AL - Birmingham,13,36514.38462,4925,4119.461539
329 - MAJOR SMALL & LARGE BOWEL PROCEDURES W MCC,10006,ELIZA COFFEE MEMORIAL HOSPITAL,205 MARENGO STREET,FLORENCE,AL,35631,AL - Birmingham,24,97086.16667,22970.45833,21131.5
330 - MAJOR SMALL & LARGE BOWEL PROCEDURES W CC,10006,ELIZA COFFEE MEMORIAL HOSPITAL,205 MARENGO STREET,FLORENCE,AL,35631,AL - Birmingham,27,58645.22222,12067.81482,10755.96296
331 - MAJOR SMALL & LARGE BOWEL PROCEDURES W/O CC/MCC,10006,ELIZA COFFEE MEMORIAL HOSPITAL,205 MARENGO STREET,FLORENCE,AL,35631,AL - Birmingham,16,39576.5,8303.6875,6701.3125
371 - MAJOR GASTROINTESTINAL DISORDERS & PERITONEAL INFECTIONS W MCC,10006,ELIZA COFFEE MEMORIAL HOSPITAL,205 MARENGO STREET,FLORENCE,AL,35631,AL - Birmingham,15,48707.46667,8368.266667,7757.866667
372 - MAJOR GASTROINTESTINAL DISORDERS & PERITONEAL INFECTIONS W CC,10006,ELIZA COFFEE MEMORIAL HOSPITAL,205 MARENGO STREET,FLORENCE,AL,35631,AL - Birmingham,11,21744.72727,6169.272727,4459.636364
377 - G.I. HEMORRHAGE W MCC,10006,ELIZA COFFEE MEMORIAL HOSPITAL,205 MARENGO STREET,FLORENCE,AL,35631,AL - Birmingham,35,31484.65714,8749.942857,7536.857143
378 - G.I. HEMORRHAGE W CC,10006,ELIZA COFFEE MEMORIAL HOSPITAL,205 MARENGO STREET,FLORENCE,AL,35631,AL - Birmingham,70,21013.28571,5006.171429,3912.571429
389 - G.I. OBSTRUCTION W CC,10006,ELIZA COFFEE MEMORIAL HOSPITAL,205 MARENGO STREET,FLORENCE,AL,35631,AL - Birmingham,17,20436.05882,4293.529412,3367.882353
390 - G.I. OBSTRUCTION W/O CC/MCC,10006,ELIZA COFFEE MEMORIAL HOSPITAL,205 MARENGO STREET,FLORENCE,AL,35631,AL - Birmingham,18,13442.83333,3179.777778,2016.222222
"391 - ESOPHAGITIS, GASTROENT & MISC DIGEST DISORDERS W MCC",10006,ELIZA COFFEE MEMORIAL HOSPITAL,205 MARENGO STREET,FLORENCE,AL,35631,AL - Birmingham,19,24640.78947,5992.263158,4956.263158
"392 - ESOPHAGITIS, GASTROENT & MISC DIGEST DISORDERS W/O MCC",10006,ELIZA COFFEE MEMORIAL HOSPITAL,205 MARENGO STREET,FLORENCE,AL,35631,AL - Birmingham,117,18842.97436,3833.452992,2748.153846
393 - OTHER DIGESTIVE SYSTEM DIAGNOSES W MCC,10006,ELIZA COFFEE MEMORIAL HOSPITAL,205 MARENGO STREET,FLORENCE,AL,35631,AL - Birmingham,17,38408.35294,8122.941177,6846.058824
394 - OTHER DIGESTIVE SYSTEM DIAGNOSES W CC,10006,ELIZA COFFEE MEMORIAL HOSPITAL,205 MARENGO STREET,FLORENCE,AL,35631,AL - Birmingham,19,20213.05263,4750.736842,3788.421053
418 - LAPAROSCOPIC CHOLECYSTECTOMY W/O C.D.E. W CC,10006,ELIZA COFFEE MEMORIAL HOSPITAL,205 MARENGO STREET,FLORENCE,AL,35631,AL - Birmingham,22,44181.95455,8925.863636,6446.863636
419 - LAPAROSCOPIC CHOLECYSTECTOMY W/O C.D.E. W/O CC/MCC,10006,ELIZA COFFEE MEMORIAL HOSPITAL,205 MARENGO STREET,FLORENCE,AL,35631,AL - Birmingham,15,38788.2,6304.066667,5088.866667
432 - CIRRHOSIS & ALCOHOLIC HEPATITIS W MCC,10006,ELIZA COFFEE MEMORIAL HOSPITAL,205 MARENGO STREET,FLORENCE,AL,35631,AL - Birmingham,17,33997.88235,8248.235294,7404.941177
435 - MALIGNANCY OF HEPATOBILIARY SYSTEM OR PANCREAS W MCC,10006,ELIZA COFFEE MEMORIAL HOSPITAL,205 MARENGO STREET,FLORENCE,AL,35631,AL - Birmingham,11,31980.36364,8264.545455,7551.818182
439 - DISORDERS OF PANCREAS EXCEPT MALIGNANCY W CC,10006,ELIZA COFFEE MEMORIAL HOSPITAL,205 MARENGO STREET,FLORENCE,AL,35631,AL - Birmingham,13,22483.15385,4442.769231,3641.538462
"441 - DISORDERS OF LIVER EXCEPT MALIG,CIRR,ALC HEPA W MCC",10006,ELIZA COFFEE MEMORIAL HOSPITAL,205 MARENGO STREET,FLORENCE,AL,35631,AL - Birmingham,17,36184.47059,9162.823529,8393.647059
445 - DISORDERS OF THE BILIARY TRACT W CC,10006,ELIZA COFFEE MEMORIAL HOSPITAL,205 MARENGO STREET,FLORENCE,AL,35631,AL - Birmingham,12,29715.16667,5212.083333,4229.75
460 - SPINAL FUSION EXCEPT CERVICAL W/O MCC,10006,ELIZA COFFEE MEMORIAL HOSPITAL,205 MARENGO STREET,FLORENCE,AL,35631,AL - Birmingham,16,63805.25,18611.0625,17216.1875
469 - MAJOR HIP AND KNEE JOINT REPLACEMENT OR REATTACHMENT OF LOWER EXTREM,10006,ELIZA COFFEE MEMORIAL HOSPITAL,205 MARENGO STREET,FLORENCE,AL,35631,AL - Birmingham,34,66529.05882,14695.76471,13811.29412
470 - MAJOR JOINT REPLACEMENT OR REATTACHMENT OF LOWER EXTREMITY W/O MCC,10006,ELIZA COFFEE MEMORIAL HOSPITAL,205 MARENGO STREET,FLORENCE,AL,35631,AL - Birmingham,232,50628.02155,10522.90948,8449.681035
480 - HIP & FEMUR PROCEDURES EXCEPT MAJOR JOINT W MCC,10006,ELIZA COFFEE MEMORIAL HOSPITAL,205 MARENGO STREET,FLORENCE,AL,35631,AL - Birmingham,25,44120.84,13451.04,12404.96
481 - HIP & FEMUR PROCEDURES EXCEPT MAJOR JOINT W CC,10006,ELIZA COFFEE MEMORIAL HOSPITAL,205 MARENGO STREET,FLORENCE,AL,35631,AL - Birmingham,41,36501.82927,10552.58537,7888.756098
483 - MAJOR JOINT/LIMB REATTACHMENT PROCEDURE OF UPPER EXTREMITIES,10006,ELIZA COFFEE MEMORIAL HOSPITAL,205 MARENGO STREET,FLORENCE,AL,35631,AL - Birmingham,30,46292.7,12008.7,10171.7
536 - FRACTURES OF HIP & PELVIS W/O MCC,10006,ELIZA COFFEE MEMORIAL HOSPITAL,205 MARENGO STREET,FLORENCE,AL,35631,AL - Birmingham,13,15786.61539,3751.384615,2646.461539
543 - PATHOLOGICAL FRACTURES & MUSCULOSKELET & CONN TISS MALIG W CC,10006,ELIZA COFFEE MEMORIAL HOSPITAL,205 MARENGO STREET,FLORENCE,AL,35631,AL - Birmingham,18,18904.88889,5350.166667,4405.944444
552 - MEDICAL BACK PROBLEMS W/O MCC,10006,ELIZA COFFEE MEMORIAL HOSPITAL,205 MARENGO STREET,FLORENCE,AL,35631,AL - Birmingham,38,16402.5,4512.342105,3153.5
"563 - FX, SPRN, STRN & DISL EXCEPT FEMUR, HIP, PELVIS & THIGH W/O MCC",10006,ELIZA COFFEE MEMORIAL HOSPITAL,205 MARENGO STREET,FLORENCE,AL,35631,AL - Birmingham,19,12917.78947,3953.31579,2646.894737
603 - CELLULITIS W/O MCC,10006,ELIZA COFFEE MEMORIAL HOSPITAL,205 MARENGO STREET,FLORENCE,AL,35631,AL - Birmingham,40,15893.6,4285.4,3236.8
637 - DIABETES W MCC,10006,ELIZA COFFEE MEMORIAL HOSPITAL,205 MARENGO STREET,FLORENCE,AL,35631,AL - Birmingham,21,19364.80952,6984.571429,5617.52381
638 - DIABETES W CC,10006,ELIZA COFFEE MEMORIAL HOSPITAL,205 MARENGO STREET,FLORENCE,AL,35631,AL - Birmingham,23,17132.34783,4441.782609,3301.695652
"640 - MISC DISORDERS OF NUTRITION,METABOLISM,FLUIDS/ELECTROLYTES W MCC",10006,ELIZA COFFEE MEMORIAL HOSPITAL,205 MARENGO STREET,FLORENCE,AL,35631,AL - Birmingham,27,22388.18519,5666.888889,4795.777778
"641 - MISC DISORDERS OF NUTRITION,METABOLISM,FLUIDS/ELECTROLYTES W/O MCC",10006,ELIZA COFFEE MEMORIAL HOSPITAL,205 MARENGO STREET,FLORENCE,AL,35631,AL - Birmingham,40,15262.975,4086.55,2591.375
669 - TRANSURETHRAL PROCEDURES W CC,10006,ELIZA COFFEE MEMORIAL HOSPITAL,205 MARENGO STREET,FLORENCE,AL,35631,AL - Birmingham,15,23591.33333,6518.133333,5207.733333
682 - RENAL FAILURE W MCC,10006,ELIZA COFFEE MEMORIAL HOSPITAL,205 MARENGO STREET,FLORENCE,AL,35631,AL - Birmingham,75,44770.14667,7608.666667,6725.773333
683 - RENAL FAILURE W CC,10006,ELIZA COFFEE MEMORIAL HOSPITAL,205 MARENGO STREET,FLORENCE,AL,35631,AL - Birmingham,89,18046.74157,4698.561798,3708.05618
689 - KIDNEY & URINARY TRACT INFECTIONS W MCC,10006,ELIZA COFFEE MEMORIAL HOSPITAL,205 MARENGO STREET,FLORENCE,AL,35631,AL - Birmingham,42,23159.88095,5281.928571,4191.261905
690 - KIDNEY & URINARY TRACT INFECTIONS W/O MCC,10006,ELIZA COFFEE MEMORIAL HOSPITAL,205 MARENGO STREET,FLORENCE,AL,35631,AL - Birmingham,49,17576.36735,4019.938776,2858.122449
698 - OTHER KIDNEY & URINARY TRACT DIAGNOSES W MCC,10006,ELIZA COFFEE MEMORIAL HOSPITAL,205 MARENGO STREET,FLORENCE,AL,35631,AL - Birmingham,34,37002.58824,7645.382353,7067.264706
812 - RED BLOOD CELL DISORDERS W/O MCC,10006,ELIZA COFFEE MEMORIAL HOSPITAL,205 MARENGO STREET,FLORENCE,AL,35631,AL - Birmingham,36,19740.5,4410.222222,3466.777778
813 - COAGULATION DISORDERS,10006,ELIZA COFFEE MEMORIAL HOSPITAL,205 MARENGO STREET,FLORENCE,AL,35631,AL - Birmingham,27,42823.7037,10015.11111,9237.333333
853 - INFECTIOUS & PARASITIC DISEASES W O.R. PROCEDURE W MCC,10006,ELIZA COFFEE MEMORIAL HOSPITAL,205 MARENGO STREET,FLORENCE,AL,35631,AL - Birmingham,44,114219.8182,24436.86364,23462.45455
854 - INFECTIOUS & PARASITIC DISEASES W O.R. PROCEDURE W CC,10006,ELIZA COFFEE MEMORIAL HOSPITAL,205 MARENGO STREET,FLORENCE,AL,35631,AL - Birmingham,12,56827.91667,11169,8348.333333
870 - SEPTICEMIA OR SEVERE SEPSIS W MV >96 HOURS,10006,ELIZA COFFEE MEMORIAL HOSPITAL,205 MARENGO STREET,FLORENCE,AL,35631,AL - Birmingham,22,138618.9091,27835.54546,27177.54546
871 - SEPTICEMIA OR SEVERE SEPSIS W/O MV >96 HOURS W MCC,10006,ELIZA COFFEE MEMORIAL HOSPITAL,205 MARENGO STREET,FLORENCE,AL,35631,AL - Birmingham,308,44327.62013,8719.185065,7729.428571
872 - SEPTICEMIA OR SEVERE SEPSIS W/O MV >96 HOURS W/O MCC,10006,ELIZA COFFEE MEMORIAL HOSPITAL,205 MARENGO STREET,FLORENCE,AL,35631,AL - Birmingham,64,23283.29688,5313.734375,3952.0625
885 - PSYCHOSES,10006,ELIZA COFFEE MEMORIAL HOSPITAL,205 MARENGO STREET,FLORENCE,AL,35631,AL - Birmingham,175,12319.52,5487.434286,4424.468571
897 - ALCOHOL/DRUG ABUSE OR DEPENDENCE W/O REHABILITATION THERAPY W/O MCC,10006,ELIZA COFFEE MEMORIAL HOSPITAL,205 MARENGO STREET,FLORENCE,AL,35631,AL - Birmingham,28,14717.17857,3865.5,2742.607143
917 - POISONING & TOXIC EFFECTS OF DRUGS W MCC,10006,ELIZA COFFEE MEMORIAL HOSPITAL,205 MARENGO STREET,FLORENCE,AL,35631,AL - Birmingham,34,28885.41177,7102.529412,6118.823529
918 - POISONING & TOXIC EFFECTS OF DRUGS W/O MCC,10006,ELIZA COFFEE MEMORIAL HOSPITAL,205 MARENGO STREET,FLORENCE,AL,35631,AL - Birmingham,29,14272.06897,3679.689655,2777.896552
981 - EXTENSIVE O.R. PROCEDURE UNRELATED TO PRINCIPAL DIAGNOSIS W MCC,10006,ELIZA COFFEE MEMORIAL HOSPITAL,205 MARENGO STREET,FLORENCE,AL,35631,AL - Birmingham,23,100218.2174,22540.21739,21702.34783
190 - CHRONIC OBSTRUCTIVE PULMONARY DISEASE W MCC,10007,MIZELL MEMORIAL HOSPITAL,702 N MAIN ST,OPP,AL,36467,AL - Dothan,19,13088.1579,6301.631579,5408.578947
191 - CHRONIC OBSTRUCTIVE PULMONARY DISEASE W CC,10007,MIZELL MEMORIAL HOSPITAL,702 N MAIN ST,OPP,AL,36467,AL - Dothan,11,10709.36364,5121.363636,4231.727273
192 - CHRONIC OBSTRUCTIVE PULMONARY DISEASE W/O CC/MCC,10007,MIZELL MEMORIAL HOSPITAL,702 N MAIN ST,OPP,AL,36467,AL - Dothan,31,9228.741936,4158.612903,3208.806452
194 - SIMPLE PNEUMONIA & PLEURISY W CC,10007,MIZELL MEMORIAL HOSPITAL,702 N MAIN ST,OPP,AL,36467,AL - Dothan,48,12875.70833,5285.25,4495.416667
195 - SIMPLE PNEUMONIA & PLEURISY W/O CC/MCC,10007,MIZELL MEMORIAL HOSPITAL,702 N MAIN ST,OPP,AL,36467,AL - Dothan,29,8492.758621,4010.827586,2842.551724
292 - HEART FAILURE & SHOCK W CC,10007,MIZELL MEMORIAL HOSPITAL,702 N MAIN ST,OPP,AL,36467,AL - Dothan,14,9964.428571,5174.857143,4426.857143
378 - G.I. HEMORRHAGE W CC,10007,MIZELL MEMORIAL HOSPITAL,702 N MAIN ST,OPP,AL,36467,AL - Dothan,11,15369.27273,5494.545455,4537.454546
"392 - ESOPHAGITIS, GASTROENT & MISC DIGEST DISORDERS W/O MCC",10007,MIZELL MEMORIAL HOSPITAL,702 N MAIN ST,OPP,AL,36467,AL - Dothan,22,10611.45455,4209.227273,3197.409091
470 - MAJOR JOINT REPLACEMENT OR REATTACHMENT OF LOWER EXTREMITY W/O MCC,10007,MIZELL MEMORIAL HOSPITAL,702 N MAIN ST,OPP,AL,36467,AL - Dothan,13,41980.92308,10972.23077,9365.461539
603 - CELLULITIS W/O MCC,10007,MIZELL MEMORIAL HOSPITAL,702 N MAIN ST,OPP,AL,36467,AL - Dothan,31,8953.741936,4718.548387,3662.677419
"641 - MISC DISORDERS OF NUTRITION,METABOLISM,FLUIDS/ELECTROLYTES W/O MCC",10007,MIZELL MEMORIAL HOSPITAL,702 N MAIN ST,OPP,AL,36467,AL - Dothan,12,9723,4091.666667,3002
690 - KIDNEY & URINARY TRACT INFECTIONS W/O MCC,10007,MIZELL MEMORIAL HOSPITAL,702 N MAIN ST,OPP,AL,36467,AL - Dothan,47,9316.255319,4363.404255,3417.957447
812 - RED BLOOD CELL DISORDERS W/O MCC,10007,MIZELL MEMORIAL HOSPITAL,702 N MAIN ST,OPP,AL,36467,AL - Dothan,15,11787.2,4866.466667,3912.6
871 - SEPTICEMIA OR SEVERE SEPSIS W/O MV >96 HOURS W MCC,10007,MIZELL MEMORIAL HOSPITAL,702 N MAIN ST,OPP,AL,36467,AL - Dothan,15,20484.8,9478.666667,8586.866667
872 - SEPTICEMIA OR SEVERE SEPSIS W/O MV >96 HOURS W/O MCC,10007,MIZELL MEMORIAL HOSPITAL,702 N MAIN ST,OPP,AL,36467,AL - Dothan,12,10145.16667,5581.083333,5037.416667
948 - SIGNS & SYMPTOMS W/O MCC,10007,MIZELL MEMORIAL HOSPITAL,702 N MAIN ST,OPP,AL,36467,AL - Dothan,11,7629.181818,4185.818182,2999.636364
192 - CHRONIC OBSTRUCTIVE PULMONARY DISEASE W/O CC/MCC,10008,CRENSHAW COMMUNITY HOSPITAL,101 HOSPITAL CIRCLE,LUVERNE,AL,36049,AL - Montgomery,13,14813.92308,5040.692308,4136.076923
690 - KIDNEY & URINARY TRACT INFECTIONS W/O MCC,10008,CRENSHAW COMMUNITY HOSPITAL,101 HOSPITAL CIRCLE,LUVERNE,AL,36049,AL - Montgomery,19,9948.31579,5269,4165.210526
871 - SEPTICEMIA OR SEVERE SEPSIS W/O MV >96 HOURS W MCC,10008,CRENSHAW COMMUNITY HOSPITAL,101 HOSPITAL CIRCLE,LUVERNE,AL,36049,AL - Montgomery,13,17771,10699.46154,9542.846154
"004 - TRACH W MV >96 HRS OR PDX EXC FACE, MOUTH & NECK W/O MAJ O.R.",10011,ST VINCENT'S EAST,50 MEDICAL PARK EAST DRIVE,BIRMINGHAM,AL,35235,AL - Birmingham,11,340661.5455,54873.90909,53253.63636
038 - EXTRACRANIAL PROCEDURES W CC,10011,ST VINCENT'S EAST,50 MEDICAL PARK EAST DRIVE,BIRMINGHAM,AL,35235,AL - Birmingham,15,30654.93333,9644.266667,7539.666667
039 - EXTRACRANIAL PROCEDURES W/O CC/MCC,10011,ST VINCENT'S EAST,50 MEDICAL PARK EAST DRIVE,BIRMINGHAM,AL,35235,AL - Birmingham,20,20318.2,6471.45,5113.8
064 - INTRACRANIAL HEMORRHAGE OR CEREBRAL INFARCTION W MCC,10011,ST VINCENT'S EAST,50 MEDICAL PARK EAST DRIVE,BIRMINGHAM,AL,35235,AL - Birmingham,16,55758.6875,10076.1875,8770.125
065 - INTRACRANIAL HEMORRHAGE OR CEREBRAL INFARCTION W CC OR TPA IN 24 HRS,10011,ST VINCENT'S EAST,50 MEDICAL PARK EAST DRIVE,BIRMINGHAM,AL,35235,AL - Birmingham,49,45670.71429,6206.877551,4993.469388
066 - INTRACRANIAL HEMORRHAGE OR CEREBRAL INFARCTION W/O CC/MCC,10011,ST VINCENT'S EAST,50 MEDICAL PARK EAST DRIVE,BIRMINGHAM,AL,35235,AL - Birmingham,13,36132.38462,4818.461539,3092.615385
069 - TRANSIENT ISCHEMIA,10011,ST VINCENT'S EAST,50 MEDICAL PARK EAST DRIVE,BIRMINGHAM,AL,35235,AL - Birmingham,17,32378.76471,4637.588235,3298.058824
070 - NONSPECIFIC CEREBROVASCULAR DISORDERS W MCC,10011,ST VINCENT'S EAST,50 MEDICAL PARK EAST DRIVE,BIRMINGHAM,AL,35235,AL - Birmingham,18,48902.11111,9339.777778,8247.444444
071 - NONSPECIFIC CEREBROVASCULAR DISORDERS W CC,10011,ST VINCENT'S EAST,50 MEDICAL PARK EAST DRIVE,BIRMINGHAM,AL,35235,AL - Birmingham,14,39371.85714,5939.142857,5084.428571
101 - SEIZURES W/O MCC,10011,ST VINCENT'S EAST,50 MEDICAL PARK EAST DRIVE,BIRMINGHAM,AL,35235,AL - Birmingham,16,27555.875,4996.1875,3656.5625
166 - OTHER RESP SYSTEM O.R. PROCEDURES W MCC,10011,ST VINCENT'S EAST,50 MEDICAL PARK EAST DRIVE,BIRMINGHAM,AL,35235,AL - Birmingham,14,81774.78571,18468.92857,17446.64286
176 - PULMONARY EMBOLISM W/O MCC,10011,ST VINCENT'S EAST,50 MEDICAL PARK EAST DRIVE,BIRMINGHAM,AL,35235,AL - Birmingham,11,36287.63636,5602.090909,4364.090909
177 - RESPIRATORY INFECTIONS & INFLAMMATIONS W MCC,10011,ST VINCENT'S EAST,50 MEDICAL PARK EAST DRIVE,BIRMINGHAM,AL,35235,AL - Birmingham,23,58237.52174,10820.73913,9582.347826
189 - PULMONARY EDEMA & RESPIRATORY FAILURE,10011,ST VINCENT'S EAST,50 MEDICAL PARK EAST DRIVE,BIRMINGHAM,AL,35235,AL - Birmingham,97,35958.61856,7282.57732,6303.43299
190 - CHRONIC OBSTRUCTIVE PULMONARY DISEASE W MCC,10011,ST VINCENT'S EAST,50 MEDICAL PARK EAST DRIVE,BIRMINGHAM,AL,35235,AL - Birmingham,94,31905,6938.776596,5615.478723
191 - CHRONIC OBSTRUCTIVE PULMONARY DISEASE W CC,10011,ST VINCENT'S EAST,50 MEDICAL PARK EAST DRIVE,BIRMINGHAM,AL,35235,AL - Birmingham,20,36710.1,5675.6,4536.2
193 - SIMPLE PNEUMONIA & PLEURISY W MCC,10011,ST VINCENT'S EAST,50 MEDICAL PARK EAST DRIVE,BIRMINGHAM,AL,35235,AL - Birmingham,66,40538.71212,8236.19697,7117.318182
194 - SIMPLE PNEUMONIA & PLEURISY W CC,10011,ST VINCENT'S EAST,50 MEDICAL PARK EAST DRIVE,BIRMINGHAM,AL,35235,AL - Birmingham,25,27429.16,5799.72,4940.92
202 - BRONCHITIS & ASTHMA W CC/MCC,10011,ST VINCENT'S EAST,50 MEDICAL PARK EAST DRIVE,BIRMINGHAM,AL,35235,AL - Birmingham,20,27078.65,5672.3,3867.2
207 - RESPIRATORY SYSTEM DIAGNOSIS W VENTILATOR SUPPORT >96 HOURS,10011,ST VINCENT'S EAST,50 MEDICAL PARK EAST DRIVE,BIRMINGHAM,AL,35235,AL - Birmingham,14,124346.2143,27773.14286,26824.64286
208 - RESPIRATORY SYSTEM DIAGNOSIS W VENTILATOR SUPPORT <=96 HOURS,10011,ST VINCENT'S EAST,50 MEDICAL PARK EAST DRIVE,BIRMINGHAM,AL,35235,AL - Birmingham,23,65221.78261,13982.43478,11538.95652
220 - CARDIAC VALVE & OTH MAJ CARDIOTHORACIC PROC W/O CARD CATH W CC,10011,ST VINCENT'S EAST,50 MEDICAL PARK EAST DRIVE,BIRMINGHAM,AL,35235,AL - Birmingham,11,102333,29807.90909,24692.09091
236 - CORONARY BYPASS W/O CARDIAC CATH W/O MCC,10011,ST VINCENT'S EAST,50 MEDICAL PARK EAST DRIVE,BIRMINGHAM,AL,35235,AL - Birmingham,21,71307.28571,21247.14286,17994.95238
247 - PERC CARDIOVASC PROC W DRUG-ELUTING STENT W/O MCC,10011,ST VINCENT'S EAST,50 MEDICAL PARK EAST DRIVE,BIRMINGHAM,AL,35235,AL - Birmingham,35,139310.6571,14972.45714,9939.514286
266 - ENDOVASCULAR CARDIAC VALVE REPLACEMENT W MCC,10011,ST VINCENT'S EAST,50 MEDICAL PARK EAST DRIVE,BIRMINGHAM,AL,35235,AL - Birmingham,12,151005.5,44402.66667,43281.16667
269 - AORTIC AND HEART ASSIST PROCEDURES EXCEPT PULSATION BALLOON W/O MCC,10011,ST VINCENT'S EAST,50 MEDICAL PARK EAST DRIVE,BIRMINGHAM,AL,35235,AL - Birmingham,12,100155.75,20239,17874.25
271 - OTHER MAJOR CARDIOVASCULAR PROCEDURES W CC,10011,ST VINCENT'S EAST,50 MEDICAL PARK EAST DRIVE,BIRMINGHAM,AL,35235,AL - Birmingham,11,128047,19870.18182,18756.63636
"280 - ACUTE MYOCARDIAL INFARCTION, DISCHARGED ALIVE W MCC",10011,ST VINCENT'S EAST,50 MEDICAL PARK EAST DRIVE,BIRMINGHAM,AL,35235,AL - Birmingham,14,74066.5,9824.714286,8600.428571
"286 - CIRCULATORY DISORDERS EXCEPT AMI, W CARD CATH W MCC",10011,ST VINCENT'S EAST,50 MEDICAL PARK EAST DRIVE,BIRMINGHAM,AL,35235,AL - Birmingham,11,91668.09091,12548.18182,9485.272727
"287 - CIRCULATORY DISORDERS EXCEPT AMI, W CARD CATH W/O MCC",10011,ST VINCENT'S EAST,50 MEDICAL PARK EAST DRIVE,BIRMINGHAM,AL,35235,AL - Birmingham,46,65938.97826,7009.26087,5793.413044
291 - HEART FAILURE & SHOCK W MCC,10011,ST VINCENT'S EAST,50 MEDICAL PARK EAST DRIVE,BIRMINGHAM,AL,35235,AL - Birmingham,148,44123.3446,8488.864865,7244.081081
292 - HEART FAILURE & SHOCK W CC,10011,ST VINCENT'S EAST,50 MEDICAL PARK EAST DRIVE,BIRMINGHAM,AL,35235,AL - Birmingham,42,28784.16667,5820.047619,4486.619048
300 - PERIPHERAL VASCULAR DISORDERS W CC,10011,ST VINCENT'S EAST,50 MEDICAL PARK EAST DRIVE,BIRMINGHAM,AL,35235,AL - Birmingham,14,16473.85714,6206,4581.785714
308 - CARDIAC ARRHYTHMIA & CONDUCTION DISORDERS W MCC,10011,ST VINCENT'S EAST,50 MEDICAL PARK EAST DRIVE,BIRMINGHAM,AL,35235,AL - Birmingham,25,47258.36,7224.96,6108.04
309 - CARDIAC ARRHYTHMIA & CONDUCTION DISORDERS W CC,10011,ST VINCENT'S EAST,50 MEDICAL PARK EAST DRIVE,BIRMINGHAM,AL,35235,AL - Birmingham,30,22658.96667,4891.8,3705.8
310 - CARDIAC ARRHYTHMIA & CONDUCTION DISORDERS W/O CC/MCC,10011,ST VINCENT'S EAST,50 MEDICAL PARK EAST DRIVE,BIRMINGHAM,AL,35235,AL - Birmingham,14,17924.42857,3702.571429,2633.857143
312 - SYNCOPE & COLLAPSE,10011,ST VINCENT'S EAST,50 MEDICAL PARK EAST DRIVE,BIRMINGHAM,AL,35235,AL - Birmingham,29,36456.17241,4863.344828,3803.793103
313 - CHEST PAIN,10011,ST VINCENT'S EAST,50 MEDICAL PARK EAST DRIVE,BIRMINGHAM,AL,35235,AL - Birmingham,15,24800,4270.333333,3629
314 - OTHER CIRCULATORY SYSTEM DIAGNOSES W MCC,10011,ST VINCENT'S EAST,50 MEDICAL PARK EAST DRIVE,BIRMINGHAM,AL,35235,AL - Birmingham,15,37745.93333,10969.66667,10150.73333
"327 - STOMACH, ESOPHAGEAL & DUODENAL PROC W CC",10011,ST VINCENT'S EAST,50 MEDICAL PARK EAST DRIVE,BIRMINGHAM,AL,35235,AL - Birmingham,11,51554.18182,15024.81818,12172.36364
329 - MAJOR SMALL & LARGE BOWEL PROCEDURES W MCC,10011,ST VINCENT'S EAST,50 MEDICAL PARK EAST DRIVE,BIRMINGHAM,AL,35235,AL - Birmingham,28,92276.28571,26002.10714,23924.64286
330 - MAJOR SMALL & LARGE BOWEL PROCEDURES W CC,10011,ST VINCENT'S EAST,50 MEDICAL PARK EAST DRIVE,BIRMINGHAM,AL,35235,AL - Birmingham,30,41645.06667,13419.43333,11311.26667
331 - MAJOR SMALL & LARGE BOWEL PROCEDURES W/O CC/MCC,10011,ST VINCENT'S EAST,50 MEDICAL PARK EAST DRIVE,BIRMINGHAM,AL,35235,AL - Birmingham,15,26210,9485.866667,7749.4
371 - MAJOR GASTROINTESTINAL DISORDERS & PERITONEAL INFECTIONS W MCC,10011,ST VINCENT'S EAST,50 MEDICAL PARK EAST DRIVE,BIRMINGHAM,AL,35235,AL - Birmingham,11,57682,10276.63636,9186.727273
372 - MAJOR GASTROINTESTINAL DISORDERS & PERITONEAL INFECTIONS W CC,10011,ST VINCENT'S EAST,50 MEDICAL PARK EAST DRIVE,BIRMINGHAM,AL,35235,AL - Birmingham,17,37030.23529,6708.294118,5320.705882
377 - G.I. HEMORRHAGE W MCC,10011,ST VINCENT'S EAST,50 MEDICAL PARK EAST DRIVE,BIRMINGHAM,AL,35235,AL - Birmingham,27,47910.7037,10060.25926,9245.259259
378 - G.I. HEMORRHAGE W CC,10011,ST VINCENT'S EAST,50 MEDICAL PARK EAST DRIVE,BIRMINGHAM,AL,35235,AL - Birmingham,59,27845.71186,5842.711864,4664.813559
